date,ftraffic,ltr,rtl,dow,month,s_holid,p_holid,br_mo,br_fr,bweek,fest
2020-01-01,7285.0,,,Wednesday,January,1,1,0,0,0,0
2020-01-02,40406.0,,,Thursday,January,1,0,0,0,0,0
2020-01-03,41095.0,,,Friday,January,1,0,0,0,0,0
2020-01-04,42096.0,,,Saturday,January,1,0,0,0,0,0
2020-01-05,7847.0,,,Sunday,January,0,0,0,0,0,0
2020-01-06,7787.0,,,Monday,January,0,1,0,0,0,0
2020-01-07,28355.0,,,Tuesday,January,0,0,0,0,0,0
2020-01-08,23928.0,,,Wednesday,January,0,0,0,0,0,0
2020-01-09,29521.0,,,Thursday,January,0,0,0,0,0,0
2020-01-10,30220.0,,,Friday,January,0,0,0,0,0,0
2020-01-11,44711.0,,,Saturday,January,0,0,0,0,0,0
2020-01-12,7309.0,,,Sunday,January,0,0,0,0,0,0
2020-01-13,26045.0,,,Monday,January,0,0,0,0,0,0
2020-01-14,27048.0,,,Tuesday,January,0,0,0,0,0,0
2020-01-15,27996.0,,,Wednesday,January,0,0,0,0,0,0
2020-01-16,29309.0,,,Thursday,January,0,0,0,0,0,0
2020-01-17,31956.0,,,Friday,January,0,0,0,0,0,0
2020-01-18,42800.0,,,Saturday,January,0,0,0,0,0,0
2020-01-19,7657.0,,,Sunday,January,0,0,0,0,0,0
2020-01-20,27255.0,,,Monday,January,0,0,0,0,0,0
2020-01-21,26462.0,,,Tuesday,January,0,0,0,0,0,0
2020-01-22,23508.0,,,Wednesday,January,0,0,0,0,0,0
2020-01-23,25569.0,,,Thursday,January,0,0,0,0,0,0
2020-01-24,29967.0,,,Friday,January,0,0,0,0,0,0
2020-01-25,39899.0,,,Saturday,January,0,0,0,0,0,0
2020-01-26,7613.0,,,Sunday,January,0,0,0,0,0,0
2020-01-27,21696.0,,,Monday,January,0,0,0,0,0,0
2020-01-28,19110.0,,,Tuesday,January,0,0,0,0,0,0
2020-01-29,22503.0,,,Wednesday,January,0,0,0,0,0,0
2020-01-30,27946.0,,,Thursday,January,0,0,0,0,0,0
2020-01-31,33737.0,,,Friday,January,0,0,0,0,0,0
2020-02-01,34857.0,,,Saturday,February,0,0,0,0,0,0
2020-02-02,6900.0,,,Sunday,February,0,0,0,0,0,0
2020-02-03,27509.0,,,Monday,February,0,0,0,0,0,0
2020-02-04,26116.0,,,Tuesday,February,0,0,0,0,0,0
2020-02-05,29474.0,,,Wednesday,February,0,0,0,0,0,0
2020-02-06,28647.0,,,Thursday,February,0,0,0,0,0,0
2020-02-07,33322.0,,,Friday,February,0,0,0,0,0,0
2020-02-08,47913.0,,,Saturday,February,0,0,0,0,0,0
2020-02-09,8334.0,,,Sunday,February,0,0,0,0,0,0
2020-02-10,17161.0,,,Monday,February,0,0,0,0,0,0
2020-02-11,23522.0,,,Tuesday,February,0,0,0,0,0,0
2020-02-12,24992.0,,,Wednesday,February,0,0,0,0,0,0
2020-02-13,23023.0,,,Thursday,February,0,0,0,0,0,0
2020-02-14,36354.0,,,Friday,February,0,0,0,0,0,0
2020-02-15,50480.0,,,Saturday,February,0,0,0,0,0,0
2020-02-16,9292.0,,,Sunday,February,0,0,0,0,0,0
2020-02-17,20123.0,,,Monday,February,0,0,0,0,0,0
2020-02-18,27548.0,,,Tuesday,February,0,0,0,0,0,0
2020-02-19,24872.0,,,Wednesday,February,0,0,0,0,0,0
2020-02-20,29087.0,,,Thursday,February,0,0,0,0,0,0
2020-02-21,33274.0,,,Friday,February,0,0,0,0,0,0
2020-02-22,46509.0,,,Saturday,February,0,0,0,0,0,0
2020-02-23,22408.0,,,Sunday,February,0,0,0,0,0,1
2020-02-24,28297.0,,,Monday,February,1,0,0,0,0,0
2020-02-25,20265.0,,,Tuesday,February,1,0,0,0,0,0
2020-02-26,24522.0,,,Wednesday,February,1,0,0,0,0,0
2020-02-27,24632.0,,,Thursday,February,1,0,0,0,0,0
2020-02-28,31592.0,,,Friday,February,1,0,0,0,0,0
2020-02-29,40164.0,,,Saturday,February,0,0,0,0,0,0
2020-03-01,8819.0,,,Sunday,March,0,0,0,0,0,0
2020-03-02,26405.0,,,Monday,March,0,0,0,0,0,0
2020-03-03,26521.0,,,Tuesday,March,0,0,0,0,0,0
2020-03-04,24236.0,,,Wednesday,March,0,0,0,0,0,0
2020-03-05,19496.0,,,Thursday,March,0,0,0,0,0,0
2020-03-06,22532.0,,,Friday,March,0,0,0,0,0,0
2020-03-07,43428.0,,,Saturday,March,0,0,0,0,0,0
2020-03-08,8965.0,,,Sunday,March,0,0,0,0,0,0
2020-03-09,24472.0,,,Monday,March,0,0,0,0,0,0
2020-03-10,14727.0,,,Tuesday,March,0,0,0,0,0,0
2020-03-11,23422.0,,,Wednesday,March,0,0,0,0,0,0
2020-03-12,23306.0,,,Thursday,March,0,0,0,0,0,0
2020-03-13,25500.0,,,Friday,March,0,0,0,0,0,0
2020-03-14,30468.0,,,Saturday,March,0,0,0,0,0,0
2020-03-15,6601.0,,,Sunday,March,0,0,0,0,0,0
2020-03-16,20602.0,,,Monday,March,0,0,0,0,0,0
2020-03-17,17504.0,,,Tuesday,March,0,0,0,0,0,0
2020-03-18,9337.0,,,Wednesday,March,0,0,0,0,0,0
2020-03-19,7929.0,,,Thursday,March,0,0,0,0,0,0
2020-03-20,6985.0,,,Friday,March,0,0,0,0,0,0
2020-03-21,2131.0,,,Saturday,March,0,0,0,0,0,0
2020-03-22,1307.0,,,Sunday,March,0,0,0,0,0,0
2020-03-23,4464.0,,,Monday,March,0,0,0,0,0,0
2020-03-24,4860.0,,,Tuesday,March,0,0,0,0,0,0
2020-03-25,4414.0,,,Wednesday,March,0,0,0,0,0,0
2020-03-26,4451.0,,,Thursday,March,0,0,0,0,0,0
2020-03-27,5072.0,,,Friday,March,0,0,0,0,0,0
2020-03-28,3893.0,,,Saturday,March,0,0,0,0,0,0
2020-03-29,1258.0,,,Sunday,March,0,0,0,0,0,0
2020-03-30,4878.0,,,Monday,March,0,0,0,0,0,0
2020-03-31,4994.0,,,Tuesday,March,0,0,0,0,0,0
2020-04-01,4956.0,,,Wednesday,April,0,0,0,0,0,0
2020-04-02,5111.0,,,Thursday,April,0,0,0,0,0,0
2020-04-03,4664.0,,,Friday,April,0,0,0,0,0,0
2020-04-04,4390.0,,,Saturday,April,0,0,0,0,0,0
2020-04-05,2155.0,,,Sunday,April,0,0,0,0,0,0
2020-04-06,5718.0,,,Monday,April,1,0,0,0,0,0
2020-04-07,5760.0,,,Tuesday,April,1,0,0,0,0,0
2020-04-08,5583.0,,,Wednesday,April,1,0,0,0,0,0
2020-04-09,5971.0,,,Thursday,April,1,0,0,0,0,0
2020-04-10,2283.0,,,Friday,April,1,1,0,0,0,0
2020-04-11,5210.0,,,Saturday,April,1,0,0,0,0,0
2020-04-12,2166.0,,,Sunday,April,1,0,0,0,0,0
2020-04-13,1378.0,,,Monday,April,1,1,0,0,0,0
2020-04-14,5919.0,,,Tuesday,April,1,0,0,0,0,0
2020-04-15,5902.0,,,Wednesday,April,1,0,0,0,0,0
2020-04-16,5939.0,,,Thursday,April,1,0,0,0,0,0
2020-04-17,6198.0,,,Friday,April,1,0,0,0,0,0
2020-04-18,5301.0,,,Saturday,April,1,0,0,0,0,0
2020-04-19,2817.0,,,Sunday,April,0,0,0,0,0,0
2020-04-20,8411.0,,,Monday,April,0,0,0,0,0,0
2020-04-21,8019.0,,,Tuesday,April,0,0,0,0,0,0
2020-04-22,7461.0,,,Wednesday,April,0,0,0,0,0,0
2020-04-23,7088.0,,,Thursday,April,0,0,0,0,0,0
2020-04-24,7767.0,,,Friday,April,0,0,0,0,0,0
2020-04-25,6803.0,,,Saturday,April,0,0,0,0,0,0
2020-04-26,3562.0,,,Sunday,April,0,0,0,0,0,0
2020-04-27,14598.0,,,Monday,April,0,0,0,0,0,0
2020-04-28,12663.0,,,Tuesday,April,0,0,0,0,0,0
2020-04-29,14377.0,,,Wednesday,April,0,0,0,0,0,0
2020-04-30,14618.0,,,Thursday,April,0,0,0,0,0,0
2020-05-01,2517.0,,,Friday,May,0,1,0,0,0,0
2020-05-02,20359.0,,,Saturday,May,0,0,0,0,0,0
2020-05-03,3754.0,,,Sunday,May,0,0,0,0,0,0
2020-05-04,15351.0,,,Monday,May,0,0,0,0,0,0
2020-05-05,17928.0,,,Tuesday,May,0,0,0,0,0,0
2020-05-06,17613.0,,,Wednesday,May,0,0,0,0,0,0
2020-05-07,18507.0,,,Thursday,May,0,0,0,0,0,0
2020-05-08,19949.0,,,Friday,May,0,0,0,0,0,0
2020-05-09,21516.0,,,Saturday,May,0,0,0,0,0,0
2020-05-10,3868.0,,,Sunday,May,0,0,0,0,0,0
2020-05-11,6441.0,,,Monday,May,0,0,0,0,0,0
2020-05-12,22309.0,,,Tuesday,May,0,0,0,0,0,0
2020-05-13,20186.0,,,Wednesday,May,0,0,0,0,0,0
2020-05-14,20957.0,,,Thursday,May,0,0,0,0,0,0
2020-05-15,23417.0,,,Friday,May,0,0,0,0,0,0
2020-05-16,28158.0,,,Saturday,May,0,0,0,0,0,0
2020-05-17,5271.0,,,Sunday,May,0,0,0,0,0,0
2020-05-18,23570.0,,,Monday,May,0,0,0,0,0,0
2020-05-19,23964.0,,,Tuesday,May,0,0,0,0,0,0
2020-05-20,24590.0,,,Wednesday,May,0,0,0,0,0,0
2020-05-21,5992.0,,,Thursday,May,0,1,0,0,0,0
2020-05-22,29685.0,,,Friday,May,0,0,0,1,0,0
2020-05-23,21873.0,,,Saturday,May,0,0,0,0,0,0
2020-05-24,5496.0,,,Sunday,May,0,0,0,0,0,0
2020-05-25,23155.0,,,Monday,May,0,0,0,0,0,0
2020-05-26,23880.0,,,Tuesday,May,0,0,0,0,0,0
2020-05-27,24832.0,,,Wednesday,May,0,0,0,0,0,0
2020-05-28,25289.0,,,Thursday,May,0,0,0,0,0,0
2020-05-29,28371.0,,,Friday,May,0,0,0,0,0,0
2020-05-30,35161.0,,,Saturday,May,0,0,0,0,0,0
2020-05-31,6885.0,,,Sunday,May,0,0,0,0,0,0
2020-06-01,7523.0,,,Monday,June,0,1,0,0,0,0
2020-06-02,30064.0,,,Tuesday,June,1,0,0,0,0,0
2020-06-03,23531.0,,,Wednesday,June,1,0,0,0,0,0
2020-06-04,20940.0,,,Thursday,June,1,0,0,0,0,0
2020-06-05,26971.0,,,Friday,June,1,0,0,0,0,0
2020-06-06,32779.0,,,Saturday,June,1,0,0,0,0,0
2020-06-07,6697.0,,,Sunday,June,1,0,0,0,0,0
2020-06-08,29672.0,,,Monday,June,1,0,0,0,0,0
2020-06-09,27053.0,,,Tuesday,June,1,0,0,0,0,0
2020-06-10,28930.0,,,Wednesday,June,1,0,0,0,0,0
2020-06-11,7504.0,,,Thursday,June,1,1,0,0,0,0
2020-06-12,38003.0,,,Friday,June,1,0,0,1,0,0
2020-06-13,32875.0,,,Saturday,June,1,0,0,0,0,0
2020-06-14,5557.0,,,Sunday,June,0,0,0,0,0,0
2020-06-15,10699.0,,,Monday,June,0,0,0,0,0,0
2020-06-16,24076.0,,,Tuesday,June,0,0,0,0,0,0
2020-06-17,21041.0,,,Wednesday,June,0,0,0,0,0,0
2020-06-18,25956.0,,,Thursday,June,0,0,0,0,0,0
2020-06-19,28067.0,,,Friday,June,0,0,0,0,0,0
2020-06-20,34782.0,,,Saturday,June,0,0,0,0,0,0
2020-06-21,7536.0,,,Sunday,June,0,0,0,0,0,0
2020-06-22,23820.0,,,Monday,June,0,0,0,0,0,0
2020-06-23,18555.0,,,Tuesday,June,0,0,0,0,0,0
2020-06-24,24163.0,,,Wednesday,June,0,0,0,0,0,0
2020-06-25,25684.0,,,Thursday,June,0,0,0,0,0,0
2020-06-26,27226.0,,,Friday,June,0,0,0,0,0,0
2020-06-27,33060.0,,,Saturday,June,0,0,0,0,0,0
2020-06-28,6868.0,,,Sunday,June,0,0,0,0,0,0
2020-06-29,26688.0,,,Monday,June,0,0,0,0,0,0
2020-06-30,28188.0,,,Tuesday,June,0,0,0,0,0,0
2020-07-01,25893.0,,,Wednesday,July,0,0,0,0,0,0
2020-07-02,27209.0,,,Thursday,July,0,0,0,0,0,0
2020-07-03,31631.0,,,Friday,July,0,0,0,0,0,0
2020-07-04,38660.0,,,Saturday,July,0,0,0,0,0,0
2020-07-05,8564.0,,,Sunday,July,0,0,0,0,0,0
2020-07-06,28803.0,,,Monday,July,0,0,0,0,0,0
2020-07-07,28588.0,,,Tuesday,July,0,0,0,0,0,0
2020-07-08,22931.0,,,Wednesday,July,0,0,0,0,0,0
2020-07-09,28737.0,,,Thursday,July,0,0,0,0,0,0
2020-07-10,30462.0,,,Friday,July,0,0,0,0,0,0
2020-07-11,41470.0,,,Saturday,July,0,0,0,0,0,0
2020-07-12,8296.0,,,Sunday,July,0,0,0,0,0,0
2020-07-13,28193.0,,,Monday,July,0,0,0,0,0,0
2020-07-14,26857.0,,,Tuesday,July,0,0,0,0,0,0
2020-07-15,25067.0,,,Wednesday,July,0,0,0,0,0,0
2020-07-16,26139.0,,,Thursday,July,0,0,0,0,0,0
2020-07-17,31919.0,,,Friday,July,0,0,0,0,0,0
2020-07-18,39531.0,,,Saturday,July,0,0,0,0,0,0
2020-07-19,8006.0,,,Sunday,July,0,0,0,0,0,0
2020-07-20,26439.0,,,Monday,July,0,0,0,0,0,0
2020-07-21,27663.0,,,Tuesday,July,0,0,0,0,0,0
2020-07-22,27768.0,,,Wednesday,July,0,0,0,0,0,0
2020-07-23,28231.0,,,Thursday,July,0,0,0,0,0,0
2020-07-24,32847.0,,,Friday,July,0,0,0,0,0,0
2020-07-25,36947.0,,,Saturday,July,0,0,0,0,0,0
2020-07-26,8256.0,,,Sunday,July,0,0,0,0,0,0
2020-07-27,29567.0,,,Monday,July,1,0,0,0,0,0
2020-07-28,28866.0,,,Tuesday,July,1,0,0,0,0,0
2020-07-29,30070.0,,,Wednesday,July,1,0,0,0,0,0
2020-07-30,16300.0,,,Thursday,July,1,0,0,0,0,0
2020-07-31,28063.0,,,Friday,July,1,0,0,0,0,0
2020-08-01,28049.0,,,Saturday,August,1,0,0,0,0,0
2020-08-02,8350.0,,,Sunday,August,1,0,0,0,0,0
2020-08-03,32798.0,,,Monday,August,1,0,0,0,0,0
2020-08-04,33785.0,,,Tuesday,August,1,0,0,0,0,0
2020-08-05,31655.0,,,Wednesday,August,1,0,0,0,0,0
2020-08-06,28571.0,,,Thursday,August,1,0,0,0,0,0
2020-08-07,27096.0,,,Friday,August,1,0,0,0,0,0
2020-08-08,28137.0,,,Saturday,August,1,0,0,0,0,0
2020-08-09,6071.0,,,Sunday,August,1,0,0,0,0,0
2020-08-10,24624.0,,,Monday,August,1,0,0,0,0,0
2020-08-11,22706.0,,,Tuesday,August,1,0,0,0,0,0
2020-08-12,24952.0,,,Wednesday,August,1,0,0,0,0,0
2020-08-13,24385.0,,,Thursday,August,1,0,0,0,0,0
2020-08-14,29969.0,,,Friday,August,1,0,0,0,0,0
2020-08-15,10024.0,,,Saturday,August,1,1,0,0,0,0
2020-08-16,7136.0,,,Sunday,August,1,0,0,0,0,0
2020-08-17,30477.0,,,Monday,August,1,0,0,0,0,0
2020-08-18,30286.0,,,Tuesday,August,1,0,0,0,0,0
2020-08-19,29258.0,,,Wednesday,August,1,0,0,0,0,0
2020-08-20,25459.0,,,Thursday,August,1,0,0,0,0,0
2020-08-21,22116.0,,,Friday,August,1,0,0,0,0,0
2020-08-22,36099.0,,,Saturday,August,1,0,0,0,0,0
2020-08-23,7750.0,,,Sunday,August,1,0,0,0,0,0
2020-08-24,30300.0,,,Monday,August,1,0,0,0,0,0
2020-08-25,29391.0,,,Tuesday,August,1,0,0,0,0,0
2020-08-26,29147.0,,,Wednesday,August,1,0,0,0,0,0
2020-08-27,30555.0,,,Thursday,August,1,0,0,0,0,0
2020-08-28,30260.0,,,Friday,August,1,0,0,0,0,0
2020-08-29,39757.0,,,Saturday,August,1,0,0,0,0,0
2020-08-30,3556.0,,,Sunday,August,1,0,0,0,0,0
2020-08-31,32166.0,,,Monday,August,1,0,0,0,0,0
2020-09-01,31606.0,,,Tuesday,September,1,0,0,0,0,0
2020-09-02,32834.0,,,Wednesday,September,1,0,0,0,0,0
2020-09-03,33296.0,,,Thursday,September,1,0,0,0,0,0
2020-09-04,32887.0,,,Friday,September,1,0,0,0,0,0
2020-09-05,42175.0,,,Saturday,September,1,0,0,0,0,0
2020-09-06,8882.0,,,Sunday,September,1,0,0,0,0,0
2020-09-07,33906.0,,,Monday,September,1,0,0,0,0,0
2020-09-08,30654.0,,,Tuesday,September,0,0,0,0,0,0
2020-09-09,28897.0,,,Wednesday,September,0,0,0,0,0,0
2020-09-10,27607.0,,,Thursday,September,0,0,0,0,0,0
2020-09-11,29996.0,,,Friday,September,0,0,0,0,0,0
2020-09-12,37562.0,,,Saturday,September,0,0,0,0,0,0
2020-09-13,7526.0,,,Sunday,September,0,0,0,0,0,0
2020-09-14,22805.0,,,Monday,September,0,0,0,0,0,0
2020-09-15,22064.0,,,Tuesday,September,0,0,0,0,0,0
2020-09-16,21912.0,,,Wednesday,September,0,0,0,0,0,0
2020-09-17,22628.0,,,Thursday,September,0,0,0,0,0,0
2020-09-18,25302.0,,,Friday,September,0,0,0,0,0,0
2020-09-19,30700.0,,,Saturday,September,0,0,0,0,0,0
2020-09-20,6875.0,,,Sunday,September,0,0,0,0,0,0
2020-09-21,22175.0,,,Monday,September,0,0,0,0,0,0
2020-09-22,21911.0,,,Tuesday,September,0,0,0,0,0,0
2020-09-23,21543.0,,,Wednesday,September,0,0,0,0,0,0
2020-09-24,22896.0,,,Thursday,September,0,0,0,0,0,0
2020-09-25,25256.0,,,Friday,September,0,0,0,0,0,0
2020-09-26,24753.0,,,Saturday,September,0,0,0,0,0,0
2020-09-27,6496.0,,,Sunday,September,0,0,0,0,0,0
2020-09-28,25529.0,,,Monday,September,0,0,0,0,0,0
2020-09-29,23656.0,,,Tuesday,September,0,0,0,0,0,0
2020-09-30,26331.0,,,Wednesday,September,0,0,0,0,0,0
2020-10-01,26542.0,,,Thursday,October,0,0,0,0,0,0
2020-10-02,31559.0,,,Friday,October,0,0,0,0,0,0
2020-10-03,9234.0,,,Saturday,October,0,1,0,0,0,0
2020-10-04,8541.0,,,Sunday,October,0,0,0,0,0,0
2020-10-05,26097.0,,,Monday,October,0,0,0,0,0,0
2020-10-06,24085.0,,,Tuesday,October,0,0,0,0,0,0
2020-10-07,24783.0,,,Wednesday,October,0,0,0,0,0,0
2020-10-08,26977.0,,,Thursday,October,0,0,0,0,0,0
2020-10-09,28511.0,,,Friday,October,0,0,0,0,0,0
2020-10-10,43250.0,,,Saturday,October,0,0,0,0,0,0
2020-10-11,7721.0,,,Sunday,October,0,0,0,0,0,0
2020-10-12,23144.0,,,Monday,October,0,0,0,0,0,0
2020-10-13,25973.0,,,Tuesday,October,0,0,0,0,0,0
2020-10-14,19021.0,,,Wednesday,October,0,0,0,0,0,0
2020-10-15,25628.0,,,Thursday,October,0,0,0,0,0,0
2020-10-16,29381.0,,,Friday,October,0,0,0,0,0,0
2020-10-17,39386.0,,,Saturday,October,0,0,0,0,0,0
2020-10-18,6820.0,,,Sunday,October,0,0,0,0,0,0
2020-10-19,24162.0,,,Monday,October,0,0,0,0,0,0
2020-10-20,22369.0,,,Tuesday,October,0,0,0,0,0,0
2020-10-21,21791.0,,,Wednesday,October,0,0,0,0,0,0
2020-10-22,22506.0,,,Thursday,October,0,0,0,0,0,0
2020-10-23,22512.0,,,Friday,October,0,0,0,0,0,0
2020-10-24,33619.0,,,Saturday,October,0,0,0,0,0,0
2020-10-25,6944.0,,,Sunday,October,0,0,0,0,0,0
2020-10-26,17679.0,,,Monday,October,0,0,0,0,0,0
2020-10-27,23030.0,,,Tuesday,October,0,0,0,0,0,0
2020-10-28,22045.0,,,Wednesday,October,0,0,0,0,0,0
2020-10-29,21815.0,,,Thursday,October,0,0,0,0,0,0
2020-10-30,27870.0,,,Friday,October,0,0,0,0,0,0
2020-10-31,34633.0,,,Saturday,October,1,0,0,0,0,0
2020-11-01,6157.0,,,Sunday,November,1,1,0,0,0,0
2020-11-02,22584.0,,,Monday,November,1,0,0,0,0,0
2020-11-03,21931.0,,,Tuesday,November,1,0,0,0,0,0
2020-11-04,22626.0,,,Wednesday,November,1,0,0,0,0,0
2020-11-05,24053.0,,,Thursday,November,1,0,0,0,0,0
2020-11-06,24951.0,,,Friday,November,1,0,0,0,0,0
2020-11-07,28295.0,,,Saturday,November,0,0,0,0,0,0
2020-11-08,5187.0,,,Sunday,November,0,0,0,0,0,0
2020-11-09,20837.0,,,Monday,November,0,0,0,0,0,0
2020-11-10,20644.0,,,Tuesday,November,0,0,0,0,0,0
2020-11-11,20779.0,,,Wednesday,November,0,0,0,0,0,0
2020-11-12,21635.0,,,Thursday,November,0,0,0,0,0,0
2020-11-13,25487.0,,,Friday,November,0,0,0,0,0,0
2020-11-14,32961.0,,,Saturday,November,0,0,0,0,0,0
2020-11-15,5343.0,,,Sunday,November,0,0,0,0,0,0
2020-11-16,20489.0,,,Monday,November,0,0,0,0,0,0
2020-11-17,21820.0,,,Tuesday,November,0,0,0,0,0,0
2020-11-18,24163.0,,,Wednesday,November,1,0,0,0,0,0
2020-11-19,18316.0,,,Thursday,November,0,0,0,0,0,0
2020-11-20,25256.0,,,Friday,November,0,0,0,0,0,0
2020-11-21,32217.0,,,Saturday,November,0,0,0,0,0,0
2020-11-22,4220.0,,,Sunday,November,0,0,0,0,0,0
2020-11-23,22725.0,,,Monday,November,0,0,0,0,1,0
2020-11-24,21780.0,,,Tuesday,November,0,0,0,0,1,0
2020-11-25,22358.0,,,Wednesday,November,0,0,0,0,1,0
2020-11-26,24170.0,,,Thursday,November,0,0,0,0,1,0
2020-11-27,41938.0,,,Friday,November,0,0,0,0,1,0
2020-11-28,39432.0,,,Saturday,November,0,0,0,0,1,0
2020-11-29,5794.0,,,Sunday,November,0,0,0,0,0,0
2020-11-30,26656.0,,,Monday,November,0,0,0,0,0,0
2020-12-01,20692.0,,,Tuesday,December,0,0,0,0,0,0
2020-12-02,24495.0,,,Wednesday,December,0,0,0,0,0,0
2020-12-03,28638.0,,,Thursday,December,0,0,0,0,0,0
2020-12-04,34400.0,,,Friday,December,0,0,0,0,0,0
2020-12-05,43278.0,,,Saturday,December,0,0,0,0,0,0
2020-12-06,5444.0,,,Sunday,December,0,0,0,0,0,0
2020-12-07,30157.0,,,Monday,December,0,0,0,0,0,0
2020-12-08,32350.0,,,Tuesday,December,0,0,0,0,0,0
2020-12-09,25410.0,,,Wednesday,December,0,0,0,0,0,0
2020-12-10,27113.0,,,Thursday,December,0,0,0,0,0,0
2020-12-11,34631.0,,,Friday,December,0,0,0,0,0,0
2020-12-12,42730.0,,,Saturday,December,0,0,0,0,0,0
2020-12-13,4628.0,,,Sunday,December,0,0,0,0,0,0
2020-12-14,40903.0,,,Monday,December,0,0,0,0,0,0
2020-12-15,37218.0,,,Tuesday,December,0,0,0,0,0,0
2020-12-16,8374.0,,,Wednesday,December,0,0,0,0,0,0
2020-12-17,9126.0,,,Thursday,December,0,0,0,0,0,0
2020-12-18,8886.0,,,Friday,December,0,0,0,0,0,0
2020-12-19,7621.0,,,Saturday,December,0,0,0,0,0,0
2020-12-20,2648.0,,,Sunday,December,0,0,0,0,0,0
2020-12-21,10355.0,,,Monday,December,0,0,0,0,0,0
2020-12-22,10079.0,,,Tuesday,December,0,0,0,0,0,0
2020-12-23,6721.0,,,Wednesday,December,1,0,0,0,0,0
2020-12-24,2984.0,,,Thursday,December,1,0,0,0,0,0
2020-12-25,1701.0,,,Friday,December,1,1,0,0,0,0
2020-12-26,2231.0,,,Saturday,December,1,1,0,0,0,0
2020-12-27,2583.0,,,Sunday,December,1,0,0,0,0,0
2020-12-28,8192.0,,,Monday,December,1,0,0,0,0,0
2020-12-29,8462.0,,,Tuesday,December,1,0,0,0,0,0
2020-12-30,9250.0,,,Wednesday,December,1,0,0,0,0,0
2020-12-31,4984.0,,,Thursday,December,1,0,0,0,0,0
2021-01-01,2263.0,,,Friday,January,1,1,0,0,0,0
2021-01-02,8013.0,,,Saturday,January,1,0,0,0,0,0
2021-01-03,2171.0,,,Sunday,January,1,0,0,0,0,0
2021-01-04,9382.0,,,Monday,January,1,0,0,0,0,0
2021-01-05,8809.0,,,Tuesday,January,1,0,0,0,0,0
2021-01-06,2831.0,,,Wednesday,January,1,1,0,0,0,0
2021-01-07,9470.0,,,Thursday,January,1,0,0,0,0,0
2021-01-08,8361.0,,,Friday,January,1,0,0,0,0,0
2021-01-09,7910.0,,,Saturday,January,1,0,0,0,0,0
2021-01-10,3144.0,,,Sunday,January,0,0,0,0,0,0
2021-01-11,9430.0,,,Monday,January,0,0,0,0,0,0
2021-01-12,7357.0,,,Tuesday,January,0,0,0,0,0,0
2021-01-13,9062.0,,,Wednesday,January,0,0,0,0,0,0
2021-01-14,9677.0,,,Thursday,January,0,0,0,0,0,0
2021-01-15,9286.0,,,Friday,January,0,0,0,0,0,0
2021-01-16,8277.0,,,Saturday,January,0,0,0,0,0,0
2021-01-17,2347.0,,,Sunday,January,0,0,0,0,0,0
2021-01-18,9082.0,,,Monday,January,0,0,0,0,0,0
2021-01-19,7108.0,,,Tuesday,January,0,0,0,0,0,0
2021-01-20,9235.0,,,Wednesday,January,0,0,0,0,0,0
2021-01-21,9296.0,,,Thursday,January,0,0,0,0,0,0
2021-01-22,8128.0,,,Friday,January,0,0,0,0,0,0
2021-01-23,8768.0,,,Saturday,January,0,0,0,0,0,0
2021-01-24,2152.0,,,Sunday,January,0,0,0,0,0,0
2021-01-25,8241.0,,,Monday,January,0,0,0,0,0,0
2021-01-26,7687.0,,,Tuesday,January,0,0,0,0,0,0
2021-01-27,6593.0,,,Wednesday,January,0,0,0,0,0,0
2021-01-28,3080.0,,,Thursday,January,0,0,0,0,0,0
2021-01-29,5553.0,,,Friday,January,0,0,0,0,0,0
2021-01-30,3693.0,,,Saturday,January,0,0,0,0,0,0
2021-01-31,2147.0,,,Sunday,January,0,0,0,0,0,0
2021-02-01,5316.0,,,Monday,February,0,0,0,0,0,0
2021-02-02,6101.0,,,Tuesday,February,0,0,0,0,0,0
2021-02-03,4216.0,,,Wednesday,February,0,0,0,0,0,0
2021-02-04,7613.0,,,Thursday,February,0,0,0,0,0,0
2021-02-05,5127.0,,,Friday,February,0,0,0,0,0,0
2021-02-06,5006.0,,,Saturday,February,0,0,0,0,0,0
2021-02-07,1766.0,,,Sunday,February,0,0,0,0,0,0
2021-02-08,4708.0,,,Monday,February,0,0,0,0,0,0
2021-02-09,4655.0,,,Tuesday,February,0,0,0,0,0,0
2021-02-10,4400.0,,,Wednesday,February,0,0,0,0,0,0
2021-02-11,5401.0,,,Thursday,February,0,0,0,0,0,0
2021-02-12,6185.0,,,Friday,February,0,0,0,0,0,0
2021-02-13,6273.0,,,Saturday,February,0,0,0,0,0,0
2021-02-14,2263.0,,,Sunday,February,0,0,0,0,0,0
2021-02-15,5756.0,,,Monday,February,0,0,0,0,0,0
2021-02-16,6335.0,,,Tuesday,February,0,0,0,0,0,0
2021-02-17,6855.0,,,Wednesday,February,0,0,0,0,0,0
2021-02-18,7163.0,,,Thursday,February,0,0,0,0,0,0
2021-02-19,8024.0,,,Friday,February,0,0,0,0,0,0
2021-02-20,9138.0,,,Saturday,February,0,0,0,0,0,0
2021-02-21,4670.0,,,Sunday,February,0,0,0,0,0,0
2021-02-22,6624.0,,,Monday,February,0,0,0,0,0,0
2021-02-23,7490.0,,,Tuesday,February,0,0,0,0,0,0
2021-02-24,6923.0,,,Wednesday,February,0,0,0,0,0,0
2021-02-25,7693.0,,,Thursday,February,0,0,0,0,0,0
2021-02-26,7134.0,,,Friday,February,0,0,0,0,0,0
2021-02-27,8494.0,,,Saturday,February,0,0,0,0,0,0
2021-02-28,3631.0,,,Sunday,February,0,0,0,0,0,0
2021-03-01,7232.0,,,Monday,March,0,0,0,0,0,0
2021-03-02,6752.0,,,Tuesday,March,0,0,0,0,0,0
2021-03-03,7212.0,,,Wednesday,March,0,0,0,0,0,0
2021-03-04,6680.0,,,Thursday,March,0,0,0,0,0,0
2021-03-05,9442.0,,,Friday,March,0,0,0,0,0,0
2021-03-06,13954.0,,,Saturday,March,0,0,0,0,0,0
2021-03-07,5867.0,,,Sunday,March,0,0,0,0,0,0
2021-03-08,24616.0,,,Monday,March,0,0,0,0,0,0
2021-03-09,25431.0,,,Tuesday,March,0,0,0,0,0,0
2021-03-10,25504.0,,,Wednesday,March,0,0,0,0,0,0
2021-03-11,20431.0,,,Thursday,March,0,0,0,0,0,0
2021-03-12,29323.0,,,Friday,March,0,0,0,0,0,0
2021-03-13,28241.0,,,Saturday,March,0,0,0,0,0,0
2021-03-14,4248.0,,,Sunday,March,0,0,0,0,0,0
2021-03-15,15410.0,,,Monday,March,0,0,0,0,0,0
2021-03-16,16513.0,,,Tuesday,March,0,0,0,0,0,0
2021-03-17,15911.0,,,Wednesday,March,0,0,0,0,0,0
2021-03-18,16647.0,,,Thursday,March,0,0,0,0,0,0
2021-03-19,16754.0,,,Friday,March,0,0,0,0,0,0
2021-03-20,21273.0,,,Saturday,March,0,0,0,0,0,0
2021-03-21,3906.0,,,Sunday,March,0,0,0,0,0,0
2021-03-22,16251.0,,,Monday,March,0,0,0,0,0,0
2021-03-23,15907.0,,,Tuesday,March,0,0,0,0,0,0
2021-03-24,18301.0,,,Wednesday,March,0,0,0,0,0,0
2021-03-25,17603.0,,,Thursday,March,0,0,0,0,0,0
2021-03-26,19892.0,,,Friday,March,0,0,0,0,0,0
2021-03-27,18395.0,,,Saturday,March,0,0,0,0,0,0
2021-03-28,5308.0,,,Sunday,March,0,0,0,0,0,0
2021-03-29,20334.0,,,Monday,March,1,0,0,0,0,0
2021-03-30,21468.0,,,Tuesday,March,1,0,0,0,0,0
2021-03-31,21728.0,,,Wednesday,March,1,0,0,0,0,0
2021-04-01,22018.0,,,Thursday,April,1,0,0,0,0,0
2021-04-02,4755.0,,,Friday,April,1,1,0,0,0,0
2021-04-03,22173.0,,,Saturday,April,1,0,0,0,0,0
2021-04-04,4019.0,,,Sunday,April,1,0,0,0,0,0
2021-04-05,2410.0,,,Monday,April,1,1,0,0,0,0
2021-04-06,17407.0,,,Tuesday,April,1,0,0,0,0,0
2021-04-07,16117.0,,,Wednesday,April,1,0,0,0,0,0
2021-04-08,19524.0,,,Thursday,April,1,0,0,0,0,0
2021-04-09,21653.0,,,Friday,April,1,0,0,0,0,0
2021-04-10,20957.0,,,Saturday,April,1,0,0,0,0,0
2021-04-11,5761.0,,,Sunday,April,0,0,0,0,0,0
2021-04-12,16189.0,,,Monday,April,0,0,0,0,0,0
2021-04-13,17747.0,,,Tuesday,April,0,0,0,0,0,0
2021-04-14,12136.0,,,Wednesday,April,0,0,0,0,0,0
2021-04-15,12973.0,,,Thursday,April,0,0,0,0,0,0
2021-04-16,12927.0,,,Friday,April,0,0,0,0,0,0
2021-04-17,13680.0,,,Saturday,April,0,0,0,0,0,0
2021-04-18,4527.0,,,Sunday,April,0,0,0,0,0,0
2021-04-19,11726.0,,,Monday,April,0,0,0,0,0,0
2021-04-20,13105.0,,,Tuesday,April,0,0,0,0,0,0
2021-04-21,12480.0,,,Wednesday,April,0,0,0,0,0,0
2021-04-22,13822.0,,,Thursday,April,0,0,0,0,0,0
2021-04-23,15137.0,,,Friday,April,0,0,0,0,0,0
2021-04-24,14182.0,,,Saturday,April,0,0,0,0,0,0
2021-04-25,6205.0,,,Sunday,April,0,0,0,0,0,0
2021-04-26,12168.0,,,Monday,April,0,0,0,0,0,0
2021-04-27,12535.0,,,Tuesday,April,0,0,0,0,0,0
2021-04-28,12543.0,,,Wednesday,April,0,0,0,0,0,0
2021-04-29,11567.0,,,Thursday,April,0,0,0,0,0,0
2021-04-30,15314.0,,,Friday,April,0,0,0,0,0,0
2021-05-01,5716.0,,,Saturday,May,0,1,0,0,0,0
2021-05-02,5211.0,,,Sunday,May,0,0,0,0,0,0
2021-05-03,15831.0,,,Monday,May,0,0,0,0,0,0
2021-05-04,12533.0,,,Tuesday,May,0,0,0,0,0,0
2021-05-05,13273.0,,,Wednesday,May,0,0,0,0,0,0
2021-05-06,11449.0,,,Thursday,May,0,0,0,0,0,0
2021-05-07,16441.0,,,Friday,May,0,0,0,0,0,0
2021-05-08,21193.0,,,Saturday,May,0,0,0,0,0,0
2021-05-09,6840.0,,,Sunday,May,0,0,0,0,0,0
2021-05-10,16219.0,,,Monday,May,0,0,0,0,0,0
2021-05-11,18497.0,,,Tuesday,May,0,0,0,0,0,0
2021-05-12,20847.0,,,Wednesday,May,0,0,0,0,0,0
2021-05-13,6016.0,,,Thursday,May,0,1,0,0,0,0
2021-05-14,32875.0,,,Friday,May,0,0,0,1,0,0
2021-05-15,29733.0,,,Saturday,May,0,0,0,0,0,0
2021-05-16,6555.0,,,Sunday,May,0,0,0,0,0,0
2021-05-17,18630.0,,,Monday,May,0,0,0,0,0,0
2021-05-18,22234.0,,,Tuesday,May,0,0,0,0,0,0
2021-05-19,21660.0,,,Wednesday,May,0,0,0,0,0,0
2021-05-20,22764.0,,,Thursday,May,0,0,0,0,0,0
2021-05-21,25247.0,,,Friday,May,0,0,0,0,0,0
2021-05-22,34747.0,,,Saturday,May,0,0,0,0,0,0
2021-05-23,8585.0,,,Sunday,May,0,0,0,0,0,0
2021-05-24,10261.0,,,Monday,May,0,1,0,0,0,0
2021-05-25,26034.0,,,Tuesday,May,1,0,0,0,0,0
2021-05-26,24554.0,,,Wednesday,May,1,0,0,0,0,0
2021-05-27,23849.0,,,Thursday,May,1,0,0,0,0,0
2021-05-28,29231.0,,,Friday,May,1,0,0,0,0,0
2021-05-29,35705.0,,,Saturday,May,1,0,0,0,0,0
2021-05-30,10041.0,,,Sunday,May,1,0,0,0,0,0
2021-05-31,29793.0,,,Monday,May,1,0,0,0,0,0
2021-06-01,32481.0,,,Tuesday,June,1,0,0,0,0,0
2021-06-02,30307.0,,,Wednesday,June,1,0,0,0,0,0
2021-06-03,9606.0,,,Thursday,June,1,1,0,0,0,0
2021-06-04,38029.0,,,Friday,June,1,0,0,1,0,0
2021-06-05,36691.0,,,Saturday,June,0,0,0,0,0,0
2021-06-06,6099.0,,,Sunday,June,0,0,0,0,0,0
2021-06-07,24780.0,,,Monday,June,0,0,0,0,0,0
2021-06-08,24190.0,,,Tuesday,June,0,0,0,0,0,0
2021-06-09,23145.0,,,Wednesday,June,0,0,0,0,0,0
2021-06-10,25461.0,,,Thursday,June,0,0,0,0,0,0
2021-06-11,28563.0,,,Friday,June,0,0,0,0,0,0
2021-06-12,37821.0,,,Saturday,June,0,0,0,0,0,0
2021-06-13,8280.0,,,Sunday,June,0,0,0,0,0,0
2021-06-14,24581.0,,,Monday,June,0,0,0,0,0,0
2021-06-15,23573.0,,,Tuesday,June,0,0,0,0,0,0
2021-06-16,22149.0,,,Wednesday,June,0,0,0,0,0,0
2021-06-17,21480.0,,,Thursday,June,0,0,0,0,0,0
2021-06-18,23771.0,,,Friday,June,0,0,0,0,0,0
2021-06-19,28004.0,,,Saturday,June,0,0,0,0,0,0
2021-06-20,6862.0,,,Sunday,June,0,0,0,0,0,0
2021-06-21,23611.0,,,Monday,June,0,0,0,0,0,0
2021-06-22,20429.0,,,Tuesday,June,0,0,0,0,0,0
2021-06-23,23991.0,,,Wednesday,June,0,0,0,0,0,0
2021-06-24,20768.0,,,Thursday,June,0,0,0,0,0,0
2021-06-25,27790.0,,,Friday,June,0,0,0,0,0,0
2021-06-26,33490.0,,,Saturday,June,0,0,0,0,0,0
2021-06-27,9765.0,,,Sunday,June,0,0,0,0,0,0
2021-06-28,20912.0,,,Monday,June,0,0,0,0,0,0
2021-06-29,18701.0,,,Tuesday,June,0,0,0,0,0,0
2021-06-30,22015.0,,,Wednesday,June,0,0,0,0,0,0
2021-07-01,23977.0,,,Thursday,July,0,0,0,0,0,0
2021-07-02,28853.0,,,Friday,July,0,0,0,0,0,0
2021-07-03,34818.0,,,Saturday,July,0,0,0,0,0,0
2021-07-04,7373.0,,,Sunday,July,0,0,0,0,0,0
2021-07-05,23797.0,,,Monday,July,0,0,0,0,0,0
2021-07-06,21272.0,,,Tuesday,July,0,0,0,0,0,0
2021-07-07,24651.0,,,Wednesday,July,0,0,0,0,0,0
2021-07-08,23108.0,,,Thursday,July,0,0,0,0,0,0
2021-07-09,18339.0,,,Friday,July,0,0,0,0,0,0
2021-07-10,37049.0,,,Saturday,July,0,0,0,0,0,0
2021-07-11,7672.0,,,Sunday,July,0,0,0,0,0,0
2021-07-12,25216.0,,,Monday,July,0,0,0,0,0,0
2021-07-13,19692.0,,,Tuesday,July,0,0,0,0,0,0
2021-07-14,20609.0,,,Wednesday,July,0,0,0,0,0,0
2021-07-15,25804.0,,,Thursday,July,0,0,0,0,0,0
2021-07-16,29000.0,,,Friday,July,0,0,0,0,0,0
2021-07-17,36530.0,,,Saturday,July,0,0,0,0,0,0
2021-07-18,9237.0,,,Sunday,July,0,0,0,0,0,0
2021-07-19,25339.0,,,Monday,July,0,0,0,0,0,0
2021-07-20,25924.0,,,Tuesday,July,0,0,0,0,0,0
2021-07-21,25054.0,,,Wednesday,July,0,0,0,0,0,0
2021-07-22,25800.0,,,Thursday,July,0,0,0,0,0,0
2021-07-23,26953.0,,,Friday,July,0,0,0,0,0,0
2021-07-24,33544.0,,,Saturday,July,0,0,0,0,0,0
2021-07-25,8022.0,,,Sunday,July,0,0,0,0,0,0
2021-07-26,26261.0,,,Monday,July,0,0,0,0,0,0
2021-07-27,29116.0,,,Tuesday,July,0,0,0,0,0,0
2021-07-28,27573.0,,,Wednesday,July,0,0,0,0,0,0
2021-07-29,31738.0,,,Thursday,July,0,0,0,0,0,0
2021-07-30,30833.0,,,Friday,July,1,0,0,0,0,0
2021-07-31,35781.0,,,Saturday,July,1,0,0,0,0,0
2021-08-01,8184.0,,,Sunday,August,1,0,0,0,0,0
2021-08-02,28382.0,,,Monday,August,1,0,0,0,0,0
2021-08-03,27152.0,,,Tuesday,August,1,0,0,0,0,0
2021-08-04,28550.0,,,Wednesday,August,1,0,0,0,0,0
2021-08-05,23529.0,,,Thursday,August,1,0,0,0,0,0
2021-08-06,26974.0,,,Friday,August,1,0,0,0,0,0
2021-08-07,28994.0,,,Saturday,August,1,0,0,0,0,0
2021-08-08,8565.0,,,Sunday,August,1,0,0,0,0,0
2021-08-09,28469.0,,,Monday,August,1,0,0,0,0,0
2021-08-10,27781.0,,,Tuesday,August,1,0,0,0,0,0
2021-08-11,25712.0,,,Wednesday,August,1,0,0,0,0,0
2021-08-12,24979.0,,,Thursday,August,1,0,0,0,0,0
2021-08-13,24840.0,,,Friday,August,1,0,0,0,0,0
2021-08-14,27760.0,,,Saturday,August,1,0,0,0,0,0
2021-08-15,7037.0,,,Sunday,August,1,1,0,0,0,0
2021-08-16,25245.0,,,Monday,August,1,0,0,0,0,0
2021-08-17,26949.0,,,Tuesday,August,1,0,0,0,0,0
2021-08-18,26237.0,,,Wednesday,August,1,0,0,0,0,0
2021-08-19,26390.0,,,Thursday,August,1,0,0,0,0,0
2021-08-20,26306.0,,,Friday,August,1,0,0,0,0,0
2021-08-21,28070.0,,,Saturday,August,1,0,0,0,0,0
2021-08-22,5532.0,,,Sunday,August,1,0,0,0,0,0
2021-08-23,24525.0,,,Monday,August,1,0,0,0,0,0
2021-08-24,26199.0,,,Tuesday,August,1,0,0,0,0,0
2021-08-25,27463.0,,,Wednesday,August,1,0,0,0,0,0
2021-08-26,24672.0,,,Thursday,August,1,0,0,0,0,0
2021-08-27,25642.0,,,Friday,August,1,0,0,0,0,0
2021-08-28,28204.0,,,Saturday,August,1,0,0,0,0,0
2021-08-29,4443.0,,,Sunday,August,1,0,0,0,0,0
2021-08-30,25306.0,,,Monday,August,1,0,0,0,0,0
2021-08-31,26909.0,,,Tuesday,August,1,0,0,0,0,0
2021-09-01,26466.0,,,Wednesday,September,1,0,0,0,0,0
2021-09-02,25524.0,,,Thursday,September,1,0,0,0,0,0
2021-09-03,25650.0,,,Friday,September,1,0,0,0,0,0
2021-09-04,29938.0,,,Saturday,September,1,0,0,0,0,0
2021-09-05,7457.0,,,Sunday,September,1,0,0,0,0,0
2021-09-06,24547.0,,,Monday,September,1,0,0,0,0,0
2021-09-07,24830.0,,,Tuesday,September,1,0,0,0,0,0
2021-09-08,23957.0,,,Wednesday,September,1,0,0,0,0,0
2021-09-09,25316.0,,,Thursday,September,1,0,0,0,0,0
2021-09-10,27747.0,,,Friday,September,1,0,0,0,0,1
2021-09-11,34314.0,,,Saturday,September,1,0,0,0,0,1
2021-09-12,8668.0,,,Sunday,September,1,0,0,0,0,1
2021-09-13,28828.0,,,Monday,September,1,0,0,0,0,0
2021-09-14,24965.0,,,Tuesday,September,0,0,0,0,0,0
2021-09-15,22330.0,,,Wednesday,September,0,0,0,0,0,0
2021-09-16,25931.0,,,Thursday,September,0,0,0,0,0,0
2021-09-17,29298.0,,,Friday,September,0,0,0,0,0,0
2021-09-18,38724.0,,,Saturday,September,0,0,0,0,0,0
2021-09-19,8106.0,,,Sunday,September,0,0,0,0,0,0
2021-09-20,25248.0,,,Monday,September,0,0,0,0,0,0
2021-09-21,25071.0,,,Tuesday,September,0,0,0,0,0,0
2021-09-22,24711.0,,,Wednesday,September,0,0,0,0,0,0
2021-09-23,25762.0,,,Thursday,September,0,0,0,0,0,0
2021-09-24,31286.0,,,Friday,September,0,0,0,0,0,0
2021-09-25,38908.0,,,Saturday,September,0,0,0,0,0,0
2021-09-26,8226.0,,,Sunday,September,0,0,0,0,0,0
2021-09-27,22446.0,,,Monday,September,0,0,0,0,0,0
2021-09-28,23556.0,,,Tuesday,September,0,0,0,0,0,0
2021-09-29,24155.0,,,Wednesday,September,0,0,0,0,0,0
2021-09-30,27033.0,,,Thursday,September,0,0,0,0,0,0
2021-10-01,32671.0,,,Friday,October,0,0,0,0,0,0
2021-10-02,43051.0,,,Saturday,October,0,0,0,0,0,0
2021-10-03,7842.0,,,Sunday,October,0,1,0,0,0,0
2021-10-04,21244.0,,,Monday,October,0,0,0,0,0,0
2021-10-05,23997.0,,,Tuesday,October,0,0,0,0,0,0
2021-10-06,24540.0,,,Wednesday,October,0,0,0,0,0,0
2021-10-07,26577.0,,,Thursday,October,0,0,0,0,0,0
2021-10-08,32608.0,,,Friday,October,0,0,0,0,0,0
2021-10-09,44110.0,,,Saturday,October,0,0,0,0,0,0
2021-10-10,9657.0,,,Sunday,October,0,0,0,0,0,0
2021-10-11,24603.0,,,Monday,October,0,0,0,0,0,0
2021-10-12,19756.0,,,Tuesday,October,0,0,0,0,0,0
2021-10-13,25727.0,,,Wednesday,October,0,0,0,0,0,0
2021-10-14,25454.0,,,Thursday,October,0,0,0,0,0,0
2021-10-15,31193.0,,,Friday,October,0,0,0,0,0,0
2021-10-16,41421.0,,,Saturday,October,0,0,0,0,0,0
2021-10-17,8826.0,,,Sunday,October,0,0,0,0,0,0
2021-10-18,25490.0,,,Monday,October,0,0,0,0,0,0
2021-10-19,20843.0,,,Tuesday,October,0,0,0,0,0,0
2021-10-20,23379.0,,,Wednesday,October,0,0,0,0,0,0
2021-10-21,20361.0,,,Thursday,October,0,0,0,0,0,0
2021-10-22,28284.0,,,Friday,October,0,0,0,0,0,0
2021-10-23,38068.0,,,Saturday,October,0,0,0,0,0,0
2021-10-24,9040.0,,,Sunday,October,0,0,0,0,0,0
2021-10-25,23145.0,,,Monday,October,0,0,0,0,0,0
2021-10-26,23173.0,,,Tuesday,October,0,0,0,0,0,0
2021-10-27,24001.0,,,Wednesday,October,0,0,0,0,0,0
2021-10-28,25112.0,,,Thursday,October,0,0,0,0,0,0
2021-10-29,30591.0,,,Friday,October,0,0,0,0,0,0
2021-10-30,36843.0,,,Saturday,October,0,0,0,0,0,1
2021-10-31,29348.0,,,Sunday,October,0,0,0,0,0,1
2021-11-01,7059.0,,,Monday,November,0,1,0,0,0,0
2021-11-02,29186.0,,,Tuesday,November,1,0,0,0,0,0
2021-11-03,27698.0,,,Wednesday,November,1,0,0,0,0,0
2021-11-04,22256.0,,,Thursday,November,1,0,0,0,0,0
2021-11-05,31907.0,,,Friday,November,1,0,0,0,0,0
2021-11-06,36452.0,,,Saturday,November,0,0,0,0,0,0
2021-11-07,7613.0,,,Sunday,November,0,0,0,0,0,0
2021-11-08,21989.0,,,Monday,November,0,0,0,0,0,0
2021-11-09,23884.0,,,Tuesday,November,0,0,0,0,0,0
2021-11-10,21813.0,,,Wednesday,November,0,0,0,0,0,0
2021-11-11,22833.0,,,Thursday,November,0,0,0,0,0,0
2021-11-12,26424.0,,,Friday,November,0,0,0,0,0,0
2021-11-13,29153.0,,,Saturday,November,0,0,0,0,0,0
2021-11-14,8596.0,,,Sunday,November,0,0,0,0,0,0
2021-11-15,21734.0,,,Monday,November,0,0,0,0,0,0
2021-11-16,23359.0,,,Tuesday,November,0,0,0,0,0,0
2021-11-17,24349.0,,,Wednesday,November,1,0,0,0,0,0
2021-11-18,23134.0,,,Thursday,November,0,0,0,0,0,0
2021-11-19,27563.0,,,Friday,November,0,0,0,0,0,0
2021-11-20,35520.0,,,Saturday,November,0,0,0,0,0,0
2021-11-21,6783.0,,,Sunday,November,0,0,0,0,0,0
2021-11-22,19235.0,,,Monday,November,0,0,0,0,1,0
2021-11-23,19936.0,,,Tuesday,November,0,0,0,0,1,0
2021-11-24,24559.0,,,Wednesday,November,0,0,0,0,1,0
2021-11-25,24146.0,,,Thursday,November,0,0,0,0,1,0
2021-11-26,38720.0,,,Friday,November,0,0,0,0,1,0
2021-11-27,37298.0,,,Saturday,November,0,0,0,0,1,0
2021-11-28,6161.0,,,Sunday,November,0,0,0,0,0,0
2021-11-29,22998.0,,,Monday,November,0,0,0,0,0,0
2021-11-30,17610.0,,,Tuesday,November,0,0,0,0,0,0
2021-12-01,24244.0,,,Wednesday,December,0,0,0,0,0,0
2021-12-02,23069.0,,,Thursday,December,0,0,0,0,0,0
2021-12-03,29652.0,,,Friday,December,0,0,0,0,0,0
2021-12-04,30965.0,,,Saturday,December,0,0,0,0,0,0
2021-12-05,6603.0,,,Sunday,December,0,0,0,0,0,0
2021-12-06,26277.0,,,Monday,December,0,0,0,0,0,0
2021-12-07,26751.0,,,Tuesday,December,0,0,0,0,0,0
2021-12-08,23827.0,,,Wednesday,December,0,0,0,0,0,0
2021-12-09,26868.0,,,Thursday,December,0,0,0,0,0,0
2021-12-10,30690.0,,,Friday,December,0,0,0,0,0,0
2021-12-11,40926.0,,,Saturday,December,0,0,0,0,0,0
2021-12-12,6638.0,,,Sunday,December,0,0,0,0,0,0
2021-12-13,27115.0,,,Monday,December,0,0,0,0,0,0
2021-12-14,28004.0,,,Tuesday,December,0,0,0,0,0,0
2021-12-15,29261.0,,,Wednesday,December,0,0,0,0,0,0
2021-12-16,30334.0,,,Thursday,December,0,0,0,0,0,0
2021-12-17,34624.0,,,Friday,December,0,0,0,0,0,0
2021-12-18,44955.0,,,Saturday,December,0,0,0,0,0,0
2021-12-19,6800.0,,,Sunday,December,0,0,0,0,0,0
2021-12-20,36136.0,,,Monday,December,0,0,0,0,0,0
2021-12-21,34013.0,,,Tuesday,December,0,0,0,0,0,0
2021-12-22,34976.0,,,Wednesday,December,0,0,0,0,0,0
2021-12-23,35661.0,,,Thursday,December,0,0,0,0,0,0
2021-12-24,12405.0,,,Friday,December,1,0,0,0,0,0
2021-12-25,2218.0,,,Saturday,December,1,1,0,0,0,0
2021-12-26,3417.0,,,Sunday,December,1,1,0,0,0,0
2021-12-27,31344.0,,,Monday,December,1,0,0,0,0,0
2021-12-28,26484.0,,,Tuesday,December,1,0,0,0,0,0
2021-12-29,32798.0,,,Wednesday,December,1,0,0,0,0,0
2021-12-30,34534.0,,,Thursday,December,1,0,0,0,0,0
2021-12-31,17073.0,,,Friday,December,1,0,0,0,0,0
2022-01-01,5536.0,,,Saturday,January,1,1,0,0,0,0
2022-01-02,6688.0,,,Sunday,January,1,0,0,0,0,0
2022-01-03,27178.0,,,Monday,January,1,0,0,0,0,0
2022-01-04,15441.0,,,Tuesday,January,1,0,0,0,0,0
2022-01-05,29837.0,,,Wednesday,January,1,0,0,0,0,0
2022-01-06,6635.0,,,Thursday,January,1,1,0,0,0,0
2022-01-07,29240.0,,,Friday,January,1,0,0,1,0,0
2022-01-08,29398.0,,,Saturday,January,1,0,0,0,0,0
2022-01-09,4553.0,,,Sunday,January,0,0,0,0,0,0
2022-01-10,19392.0,,,Monday,January,0,0,0,0,0,0
2022-01-11,19163.0,,,Tuesday,January,0,0,0,0,0,0
2022-01-12,19120.0,,,Wednesday,January,0,0,0,0,0,0
2022-01-13,19349.0,,,Thursday,January,0,0,0,0,0,0
2022-01-14,23064.0,,,Friday,January,0,0,0,0,0,0
2022-01-15,30153.0,,,Saturday,January,0,0,0,0,0,0
2022-01-16,5173.0,,,Sunday,January,0,0,0,0,0,0
2022-01-17,18264.0,,,Monday,January,0,0,0,0,0,0
2022-01-18,18863.0,,,Tuesday,January,0,0,0,0,0,0
2022-01-19,18972.0,,,Wednesday,January,0,0,0,0,0,0
2022-01-20,17682.0,,,Thursday,January,0,0,0,0,0,0
2022-01-21,21772.0,,,Friday,January,0,0,0,0,0,0
2022-01-22,32803.0,,,Saturday,January,0,0,0,0,0,0
2022-01-23,6253.0,,,Sunday,January,0,0,0,0,0,0
2022-01-24,18027.0,,,Monday,January,0,0,0,0,0,0
2022-01-25,17720.0,,,Tuesday,January,0,0,0,0,0,0
2022-01-26,17228.0,,,Wednesday,January,0,0,0,0,0,0
2022-01-27,17746.0,,,Thursday,January,0,0,0,0,0,0
2022-01-28,23535.0,,,Friday,January,0,0,0,0,0,0
2022-01-29,32581.0,,,Saturday,January,0,0,0,0,0,0
2022-01-30,6306.0,,,Sunday,January,0,0,0,0,0,0
2022-01-31,14063.0,,,Monday,January,0,0,0,0,0,0
2022-02-01,17352.0,,,Tuesday,February,0,0,0,0,0,0
2022-02-02,19340.0,,,Wednesday,February,0,0,0,0,0,0
2022-02-03,19789.0,,,Thursday,February,0,0,0,0,0,0
2022-02-04,22223.0,,,Friday,February,0,0,0,0,0,0
2022-02-05,37169.0,,,Saturday,February,0,0,0,0,0,0
2022-02-06,2817.0,,,Sunday,February,0,0,0,0,0,0
2022-02-07,19068.0,,,Monday,February,0,0,0,0,0,0
2022-02-08,18844.0,,,Tuesday,February,0,0,0,0,0,0
2022-02-09,21239.0,,,Wednesday,February,0,0,0,0,0,0
2022-02-10,20003.0,,,Thursday,February,0,0,0,0,0,0
2022-02-11,23765.0,,,Friday,February,0,0,0,0,0,0
2022-02-12,40119.0,,,Saturday,February,0,0,0,0,0,0
2022-02-13,8910.0,,,Sunday,February,0,0,0,0,0,0
2022-02-14,22722.0,,,Monday,February,0,0,0,0,0,0
2022-02-15,19746.0,,,Tuesday,February,0,0,0,0,0,0
2022-02-16,17774.0,,,Wednesday,February,0,0,0,0,0,0
2022-02-17,17491.0,,,Thursday,February,0,0,0,0,0,0
2022-02-18,22965.0,,,Friday,February,0,0,0,0,0,0
2022-02-19,38509.0,,,Saturday,February,0,0,0,0,0,0
2022-02-20,5329.0,,,Sunday,February,0,0,0,0,0,0
2022-02-21,16653.0,,,Monday,February,0,0,0,0,0,0
2022-02-22,19633.0,,,Tuesday,February,0,0,0,0,0,0
2022-02-23,22470.0,,,Wednesday,February,0,0,0,0,0,0
2022-02-24,21308.0,,,Thursday,February,0,0,0,0,0,0
2022-02-25,23343.0,,,Friday,February,0,0,0,0,0,0
2022-02-26,37377.0,,,Saturday,February,0,0,0,0,0,0
2022-02-27,8811.0,,,Sunday,February,0,0,0,0,0,0
2022-02-28,30242.0,,,Monday,February,1,0,0,0,0,0
2022-03-01,26103.0,,,Tuesday,March,1,0,0,0,0,0
2022-03-02,26027.0,,,Wednesday,March,1,0,0,0,0,0
2022-03-03,28283.0,,,Thursday,March,1,0,0,0,0,0
2022-03-04,29591.0,,,Friday,March,1,0,0,0,0,0
2022-03-05,35340.0,,,Saturday,March,0,0,0,0,0,0
2022-03-06,6697.0,,,Sunday,March,0,0,0,0,0,0
2022-03-07,19806.0,,,Monday,March,0,0,0,0,0,0
2022-03-08,21279.0,,,Tuesday,March,0,0,0,0,0,0
2022-03-09,21178.0,,,Wednesday,March,0,0,0,0,0,0
2022-03-10,21352.0,,,Thursday,March,0,0,0,0,0,0
2022-03-11,25601.0,,,Friday,March,0,0,0,0,0,0
2022-03-12,36254.0,,,Saturday,March,0,0,0,0,0,0
2022-03-13,8821.0,,,Sunday,March,0,0,0,0,0,0
2022-03-14,17370.0,,,Monday,March,0,0,0,0,0,0
2022-03-15,14981.0,,,Tuesday,March,0,0,0,0,0,0
2022-03-16,22039.0,,,Wednesday,March,0,0,0,0,0,0
2022-03-17,20414.0,,,Thursday,March,0,0,0,0,0,0
2022-03-18,25955.0,,,Friday,March,0,0,0,0,0,0
2022-03-19,35178.0,,,Saturday,March,0,0,0,0,0,0
2022-03-20,8690.0,,,Sunday,March,0,0,0,0,0,0
2022-03-21,20932.0,,,Monday,March,0,0,0,0,0,0
2022-03-22,22408.0,,,Tuesday,March,0,0,0,0,0,0
2022-03-23,22980.0,,,Wednesday,March,0,0,0,0,0,0
2022-03-24,23431.0,,,Thursday,March,0,0,0,0,0,0
2022-03-25,28120.0,,,Friday,March,0,0,0,0,0,0
2022-03-26,37735.0,,,Saturday,March,0,0,0,0,0,0
2022-03-27,9771.0,,,Sunday,March,0,0,0,0,0,0
2022-03-28,22810.0,,,Monday,March,0,0,0,0,0,0
2022-03-29,22596.0,,,Tuesday,March,0,0,0,0,0,0
2022-03-30,15814.0,,,Wednesday,March,0,0,0,0,0,0
2022-03-31,21255.0,,,Thursday,March,0,0,0,0,0,0
2022-04-01,14283.0,,,Friday,April,0,0,0,0,0,0
2022-04-02,31020.0,,,Saturday,April,0,0,0,0,0,0
2022-04-03,8610.0,,,Sunday,April,0,0,0,0,0,0
2022-04-04,22160.0,,,Monday,April,0,0,0,0,0,0
2022-04-05,20187.0,,,Tuesday,April,0,0,0,0,0,0
2022-04-06,24932.0,,,Wednesday,April,0,0,0,0,0,0
2022-04-07,19411.0,,,Thursday,April,0,0,0,0,0,0
2022-04-08,15945.0,,,Friday,April,0,0,0,0,0,0
2022-04-09,35544.0,,,Saturday,April,0,0,0,0,0,0
2022-04-10,9125.0,,,Sunday,April,0,0,0,0,0,0
2022-04-11,30586.0,,,Monday,April,1,0,0,0,0,0
2022-04-12,31727.0,,,Tuesday,April,1,0,0,0,0,0
2022-04-13,32157.0,,,Wednesday,April,1,0,0,0,0,0
2022-04-14,30864.0,,,Thursday,April,1,0,0,0,0,0
2022-04-15,8568.0,,,Friday,April,1,1,0,0,0,0
2022-04-16,40697.0,,,Saturday,April,1,0,0,0,0,0
2022-04-17,7018.0,,,Sunday,April,1,0,0,0,0,0
2022-04-18,8173.0,,,Monday,April,1,1,0,0,0,0
2022-04-19,33345.0,,,Tuesday,April,1,0,0,0,0,0
2022-04-20,32018.0,,,Wednesday,April,1,0,0,0,0,0
2022-04-21,31824.0,,,Thursday,April,1,0,0,0,0,0
2022-04-22,33406.0,,,Friday,April,1,0,0,0,0,0
2022-04-23,37840.0,,,Saturday,April,1,0,0,0,0,0
2022-04-24,5907.0,,,Sunday,April,0,0,0,0,0,0
2022-04-25,22331.0,,,Monday,April,0,0,0,0,0,0
2022-04-26,19249.0,,,Tuesday,April,0,0,0,0,0,0
2022-04-27,25743.0,,,Wednesday,April,0,0,0,0,0,0
2022-04-28,26548.0,,,Thursday,April,0,0,0,0,0,0
2022-04-29,30911.0,,,Friday,April,0,0,0,0,0,0
2022-04-30,36233.0,,,Saturday,April,0,0,0,0,0,0
2022-05-01,9999.0,,,Sunday,May,0,1,0,0,0,0
2022-05-02,26189.0,,,Monday,May,0,0,0,0,0,0
2022-05-03,27055.0,,,Tuesday,May,0,0,0,0,0,0
2022-05-04,21241.0,,,Wednesday,May,0,0,0,0,0,0
2022-05-05,25342.0,,,Thursday,May,0,0,0,0,0,0
2022-05-06,32963.0,,,Friday,May,0,0,0,0,0,0
2022-05-07,44772.0,,,Saturday,May,0,0,0,0,0,0
2022-05-08,10292.0,,,Sunday,May,0,0,0,0,0,0
2022-05-09,25143.0,,,Monday,May,0,0,0,0,0,0
2022-05-10,25213.0,,,Tuesday,May,0,0,0,0,0,0
2022-05-11,26960.0,,,Wednesday,May,0,0,0,0,0,0
2022-05-12,26792.0,,,Thursday,May,0,0,0,0,0,0
2022-05-13,30894.0,,,Friday,May,0,0,0,0,0,0
2022-05-14,43780.0,,,Saturday,May,0,0,0,0,0,0
2022-05-15,9165.0,,,Sunday,May,0,0,0,0,0,0
2022-05-16,21933.0,,,Monday,May,0,0,0,0,0,0
2022-05-17,26005.0,,,Tuesday,May,0,0,0,0,0,0
2022-05-18,25643.0,,,Wednesday,May,0,0,0,0,0,0
2022-05-19,25037.0,,,Thursday,May,0,0,0,0,0,0
2022-05-20,27614.0,,,Friday,May,0,0,0,0,0,0
2022-05-21,43260.0,,,Saturday,May,0,0,0,0,0,0
2022-05-22,9905.0,,,Sunday,May,0,0,0,0,0,0
2022-05-23,24309.0,,,Monday,May,0,0,0,0,0,0
2022-05-24,25936.0,,,Tuesday,May,0,0,0,0,0,0
2022-05-25,31874.0,,,Wednesday,May,0,0,0,0,0,0
2022-05-26,13723.0,,,Thursday,May,0,1,0,0,0,0
2022-05-27,41882.0,,,Friday,May,0,0,0,1,0,0
2022-05-28,45180.0,,,Saturday,May,0,0,0,0,0,0
2022-05-29,12374.0,,,Sunday,May,0,0,0,0,0,0
2022-05-30,26019.0,,,Monday,May,0,0,0,0,0,0
2022-05-31,27457.0,,,Tuesday,May,0,0,0,0,0,0
2022-06-01,31624.0,,,Wednesday,June,0,0,0,0,0,0
2022-06-02,31232.0,,,Thursday,June,0,0,0,0,0,0
2022-06-03,29505.0,,,Friday,June,0,0,0,0,0,0
2022-06-04,46207.0,,,Saturday,June,0,0,0,0,0,0
2022-06-05,12444.0,,,Sunday,June,0,0,0,0,0,0
2022-06-06,13251.0,,,Monday,June,0,1,0,0,0,0
2022-06-07,32466.0,,,Tuesday,June,1,0,0,0,0,0
2022-06-08,30894.0,,,Wednesday,June,1,0,0,0,0,0
2022-06-09,31401.0,,,Thursday,June,1,0,0,0,0,0
2022-06-10,33007.0,,,Friday,June,1,0,0,0,0,0
2022-06-11,37814.0,,,Saturday,June,1,0,0,0,0,0
2022-06-12,9470.0,,,Sunday,June,1,0,0,0,0,0
2022-06-13,31963.0,,,Monday,June,1,0,0,0,0,0
2022-06-14,32663.0,,,Tuesday,June,1,0,0,0,0,0
2022-06-15,30072.0,,,Wednesday,June,1,0,0,0,0,0
2022-06-16,11538.0,,,Thursday,June,1,1,0,0,0,0
2022-06-17,38700.0,,,Friday,June,1,0,0,1,0,0
2022-06-18,27881.0,,,Saturday,June,1,0,0,0,0,0
2022-06-19,5783.0,,,Sunday,June,0,0,0,0,0,0
2022-06-20,24316.0,,,Monday,June,0,0,0,0,0,0
2022-06-21,26503.0,,,Tuesday,June,0,0,0,0,0,0
2022-06-22,25566.0,,,Wednesday,June,0,0,0,0,0,0
2022-06-23,25316.0,,,Thursday,June,0,0,0,0,0,0
2022-06-24,28407.0,,,Friday,June,0,0,0,0,0,0
2022-06-25,37000.0,,,Saturday,June,0,0,0,0,0,0
2022-06-26,8434.0,,,Sunday,June,0,0,0,0,0,0
2022-06-27,24970.0,,,Monday,June,0,0,0,0,0,0
2022-06-28,27534.0,,,Tuesday,June,0,0,0,0,0,0
2022-06-29,26876.0,,,Wednesday,June,0,0,0,0,0,0
2022-06-30,26902.0,,,Thursday,June,0,0,0,0,0,0
2022-07-01,27568.0,,,Friday,July,0,0,0,0,0,0
2022-07-02,42345.0,,,Saturday,July,0,0,0,0,0,0
2022-07-03,9112.0,,,Sunday,July,0,0,0,0,0,0
2022-07-04,27233.0,,,Monday,July,0,0,0,0,0,0
2022-07-05,27297.0,,,Tuesday,July,0,0,0,0,0,0
2022-07-06,29670.0,,,Wednesday,July,0,0,0,0,0,0
2022-07-07,26222.0,,,Thursday,July,0,0,0,0,0,0
2022-07-08,33317.0,,,Friday,July,0,0,0,0,0,0
2022-07-09,41086.0,,,Saturday,July,0,0,0,0,0,0
2022-07-10,10553.0,,,Sunday,July,0,0,0,0,0,0
2022-07-11,27693.0,,,Monday,July,0,0,0,0,0,0
2022-07-12,28857.0,,,Tuesday,July,0,0,0,0,0,0
2022-07-13,27343.0,,,Wednesday,July,0,0,0,0,0,0
2022-07-14,27206.0,,,Thursday,July,0,0,0,0,0,0
2022-07-15,31600.0,,,Friday,July,0,0,0,0,0,0
2022-07-16,40054.0,,,Saturday,July,0,0,0,0,0,0
2022-07-17,10382.0,,,Sunday,July,0,0,0,0,0,0
2022-07-18,25175.0,,,Monday,July,0,0,0,0,0,0
2022-07-19,21894.0,,,Tuesday,July,0,0,0,0,0,0
2022-07-20,20978.0,,,Wednesday,July,0,0,0,0,0,0
2022-07-21,27851.0,,,Thursday,July,0,0,0,0,0,0
2022-07-22,29147.0,,,Friday,July,0,0,0,0,0,0
2022-07-23,41486.0,,,Saturday,July,0,0,0,0,0,0
2022-07-24,8579.0,,,Sunday,July,0,0,0,0,0,0
2022-07-25,23167.0,,,Monday,July,0,0,0,0,0,0
2022-07-26,31796.0,,,Tuesday,July,0,0,0,0,0,0
2022-07-27,32392.0,,,Wednesday,July,0,0,0,0,0,0
2022-07-28,32551.0,,,Thursday,July,0,0,0,0,0,0
2022-07-29,31739.0,,,Friday,July,0,0,0,0,0,0
2022-07-30,44528.0,,,Saturday,July,0,0,0,0,0,0
2022-07-31,11010.0,,,Sunday,July,0,0,0,0,0,0
2022-08-01,36420.0,,,Monday,August,1,0,0,0,0,0
2022-08-02,34872.0,,,Tuesday,August,1,0,0,0,0,0
2022-08-03,30564.0,,,Wednesday,August,1,0,0,0,0,0
2022-08-04,25481.0,,,Thursday,August,1,0,0,0,0,0
2022-08-05,31674.0,,,Friday,August,1,0,0,0,0,0
2022-08-06,42488.0,,,Saturday,August,1,0,0,0,0,0
2022-08-07,10356.0,,,Sunday,August,1,0,0,0,0,0
2022-08-08,34351.0,,,Monday,August,1,0,0,0,0,0
2022-08-09,32570.0,,,Tuesday,August,1,0,0,0,0,0
2022-08-10,32842.0,,,Wednesday,August,1,0,0,0,0,0
2022-08-11,31391.0,,,Thursday,August,1,0,0,0,0,0
2022-08-12,31965.0,,,Friday,August,1,0,0,0,0,0
2022-08-13,37645.0,,,Saturday,August,1,0,0,0,0,0
2022-08-14,9344.0,,,Sunday,August,1,0,0,0,0,0
2022-08-15,10340.0,,,Monday,August,1,1,0,0,0,0
2022-08-16,35642.0,,,Tuesday,August,1,0,0,0,0,0
2022-08-17,32312.0,,,Wednesday,August,1,0,0,0,0,0
2022-08-18,33617.0,,,Thursday,August,1,0,0,0,0,0
2022-08-19,33579.0,,,Friday,August,1,0,0,0,0,0
2022-08-20,36568.0,,,Saturday,August,1,0,0,0,0,0
2022-08-21,11596.0,,,Sunday,August,1,0,0,0,0,0
2022-08-22,32746.0,,,Monday,August,1,0,0,0,0,0
2022-08-23,31973.0,,,Tuesday,August,1,0,0,0,0,0
2022-08-24,31897.0,,,Wednesday,August,1,0,0,0,0,0
2022-08-25,31222.0,,,Thursday,August,1,0,0,0,0,0
2022-08-26,29268.0,,,Friday,August,1,0,0,0,0,0
2022-08-27,37741.0,,,Saturday,August,1,0,0,0,0,0
2022-08-28,12030.0,,,Sunday,August,1,0,0,0,0,0
2022-08-29,34994.0,,,Monday,August,1,0,0,0,0,0
2022-08-30,36076.0,,,Tuesday,August,1,0,0,0,0,0
2022-08-31,38850.0,,,Wednesday,August,1,0,0,0,0,0
2022-09-01,28836.0,,,Thursday,September,1,0,0,0,0,0
2022-09-02,32274.0,,,Friday,September,1,0,0,0,0,0
2022-09-03,35710.0,,,Saturday,September,1,0,0,0,0,0
2022-09-04,8909.0,,,Sunday,September,1,0,0,0,0,0
2022-09-05,27936.0,,,Monday,September,1,0,0,0,0,0
2022-09-06,28049.0,,,Tuesday,September,1,0,0,0,0,0
2022-09-07,29459.0,,,Wednesday,September,1,0,0,0,0,0
2022-09-08,29063.0,,,Thursday,September,1,0,0,0,0,0
2022-09-09,36854.0,,,Friday,September,1,0,0,0,0,1
2022-09-10,45026.0,,,Saturday,September,1,0,0,0,0,1
2022-09-11,21671.0,,,Sunday,September,1,0,0,0,0,1
2022-09-12,35663.0,,,Monday,September,1,0,0,0,0,0
2022-09-13,26611.0,,,Tuesday,September,0,0,0,0,0,0
2022-09-14,21836.0,,,Wednesday,September,0,0,0,0,0,0
2022-09-15,26332.0,,,Thursday,September,0,0,0,0,0,0
2022-09-16,37155.0,,,Friday,September,0,0,0,0,0,0
2022-09-17,43646.0,,,Saturday,September,0,0,0,0,0,0
2022-09-18,5762.0,,,Sunday,September,0,0,0,0,0,0
2022-09-19,23676.0,,,Monday,September,0,0,0,0,0,0
2022-09-20,25729.0,,,Tuesday,September,0,0,0,0,0,0
2022-09-21,27025.0,,,Wednesday,September,0,0,0,0,0,0
2022-09-22,27291.0,,,Thursday,September,0,0,0,0,0,0
2022-09-23,30278.0,,,Friday,September,0,0,0,0,0,0
2022-09-24,39964.0,,,Saturday,September,0,0,0,0,0,0
2022-09-25,6457.0,,,Sunday,September,0,0,0,0,0,0
2022-09-26,23565.0,,,Monday,September,0,0,0,0,0,0
2022-09-27,22719.0,,,Tuesday,September,0,0,0,0,0,0
2022-09-28,25191.0,,,Wednesday,September,0,0,0,0,0,0
2022-09-29,26696.0,,,Thursday,September,0,0,0,0,0,0
2022-09-30,33036.0,,,Friday,September,0,0,0,0,0,0
2022-10-01,37189.0,,,Saturday,October,0,0,0,0,0,0
2022-10-02,8389.0,,,Sunday,October,0,0,0,0,0,0
2022-10-03,9483.0,,,Monday,October,0,1,0,0,0,0
2022-10-04,28545.0,,,Tuesday,October,0,0,0,0,0,0
2022-10-05,27895.0,,,Wednesday,October,0,0,0,0,0,0
2022-10-06,27365.0,,,Thursday,October,0,0,0,0,0,0
2022-10-07,31241.0,,,Friday,October,0,0,0,0,0,0
2022-10-08,44211.0,,,Saturday,October,0,0,0,0,0,0
2022-10-09,9143.0,,,Sunday,October,0,0,0,0,0,0
2022-10-10,25439.0,,,Monday,October,0,0,0,0,0,0
2022-10-11,25780.0,,,Tuesday,October,0,0,0,0,0,0
2022-10-12,26711.0,,,Wednesday,October,0,0,0,0,0,0
2022-10-13,25498.0,,,Thursday,October,0,0,0,0,0,0
2022-10-14,30753.0,,,Friday,October,0,0,0,0,0,0
2022-10-15,43012.0,,,Saturday,October,0,0,0,0,0,0
2022-10-16,9586.0,,,Sunday,October,0,0,0,0,0,0
2022-10-17,27392.0,,,Monday,October,0,0,0,0,0,0
2022-10-18,24486.0,,,Tuesday,October,0,0,0,0,0,0
2022-10-19,27000.0,,,Wednesday,October,0,0,0,0,0,0
2022-10-20,26048.0,,,Thursday,October,0,0,0,0,0,0
2022-10-21,23578.0,,,Friday,October,0,0,0,0,0,0
2022-10-22,45571.0,,,Saturday,October,0,0,0,0,0,0
2022-10-23,9719.0,,,Sunday,October,0,0,0,0,0,0
2022-10-24,25055.0,,,Monday,October,0,0,0,0,0,0
2022-10-25,26339.0,,,Tuesday,October,0,0,0,0,0,0
2022-10-26,27119.0,,,Wednesday,October,0,0,0,0,0,0
2022-10-27,29450.0,,,Thursday,October,0,0,0,0,0,0
2022-10-28,34787.0,,,Friday,October,0,0,0,0,0,0
2022-10-29,47035.0,,,Saturday,October,0,0,0,0,0,1
2022-10-30,38006.0,,,Sunday,October,0,0,0,0,0,1
2022-10-31,46449.0,,,Monday,October,1,0,1,0,0,0
2022-11-01,11421.0,,,Tuesday,November,1,1,0,0,0,0
2022-11-02,36202.0,,,Wednesday,November,1,0,0,0,0,0
2022-11-03,35577.0,,,Thursday,November,1,0,0,0,0,0
2022-11-04,35494.0,,,Friday,November,1,0,0,0,0,0
2022-11-05,43479.0,,,Saturday,November,0,0,0,0,0,0
2022-11-06,9570.0,,,Sunday,November,0,0,0,0,0,0
2022-11-07,24797.0,,,Monday,November,0,0,0,0,0,0
2022-11-08,26559.0,,,Tuesday,November,0,0,0,0,0,0
2022-11-09,24362.0,,,Wednesday,November,0,0,0,0,0,0
2022-11-10,26859.0,,,Thursday,November,0,0,0,0,0,0
2022-11-11,31454.0,,,Friday,November,0,0,0,0,0,0
2022-11-12,45700.0,,,Saturday,November,0,0,0,0,0,0
2022-11-13,10586.0,,,Sunday,November,0,0,0,0,0,0
2022-11-14,24453.0,,,Monday,November,0,0,0,0,0,0
2022-11-15,26645.0,,,Tuesday,November,0,0,0,0,0,0
2022-11-16,29695.0,,,Wednesday,November,1,0,0,0,0,0
2022-11-17,20101.0,,,Thursday,November,0,0,0,0,0,0
2022-11-18,28063.0,,,Friday,November,0,0,0,0,0,0
2022-11-19,37610.0,,,Saturday,November,0,0,0,0,0,0
2022-11-20,6750.0,,,Sunday,November,0,0,0,0,0,0
2022-11-21,24240.0,,,Monday,November,0,0,0,0,1,0
2022-11-22,27018.0,,,Tuesday,November,0,0,0,0,1,0
2022-11-23,26240.0,,,Wednesday,November,0,0,0,0,1,0
2022-11-24,27653.0,,,Thursday,November,0,0,0,0,1,0
2022-11-25,47550.0,,,Friday,November,0,0,0,0,1,0
2022-11-26,56450.0,,,Saturday,November,0,0,0,0,1,0
2022-11-27,12982.0,,,Sunday,November,0,0,0,0,0,0
2022-11-28,30235.0,,,Monday,November,0,0,0,0,0,0
2022-11-29,31174.0,,,Tuesday,November,0,0,0,0,0,0
2022-11-30,32600.0,,,Wednesday,November,0,0,0,0,0,0
2022-12-01,34064.0,,,Thursday,December,0,0,0,0,0,0
2022-12-02,34732.0,,,Friday,December,0,0,0,0,0,0
2022-12-03,59788.0,,,Saturday,December,0,0,0,0,0,0
2022-12-04,13637.0,,,Sunday,December,0,0,0,0,0,0
2022-12-05,31577.0,,,Monday,December,0,0,0,0,0,0
2022-12-06,31561.0,,,Tuesday,December,0,0,0,0,0,0
2022-12-07,32831.0,,,Wednesday,December,0,0,0,0,0,0
2022-12-08,34800.0,,,Thursday,December,0,0,0,0,0,0
2022-12-09,41268.0,,,Friday,December,0,0,0,0,0,0
2022-12-10,55267.0,,,Saturday,December,0,0,0,0,0,0
2022-12-11,12346.0,,,Sunday,December,0,0,0,0,0,0
2022-12-12,32811.0,,,Monday,December,0,0,0,0,0,0
2022-12-13,33550.0,,,Tuesday,December,0,0,0,0,0,0
2022-12-14,30481.0,,,Wednesday,December,0,0,0,0,0,0
2022-12-15,36041.0,,,Thursday,December,0,0,0,0,0,0
2022-12-16,43643.0,,,Friday,December,0,0,0,0,0,0
2022-12-17,59196.0,,,Saturday,December,0,0,0,0,0,0
2022-12-18,10775.0,,,Sunday,December,0,0,0,0,0,0
2022-12-19,36239.0,,,Monday,December,0,0,0,0,0,0
2022-12-20,40595.0,,,Tuesday,December,0,0,0,0,0,0
2022-12-21,44815.0,,,Wednesday,December,0,0,0,0,0,0
2022-12-22,43804.0,,,Thursday,December,0,0,0,0,0,0
2022-12-23,38971.0,,,Friday,December,0,0,0,0,0,0
2022-12-24,16399.0,,,Saturday,December,1,0,0,0,0,0
2022-12-25,4672.0,,,Sunday,December,1,1,0,0,0,0
2022-12-26,4346.0,,,Monday,December,1,1,0,0,0,0
2022-12-27,43168.0,,,Tuesday,December,1,0,0,0,0,0
2022-12-28,41093.0,,,Wednesday,December,1,0,0,0,0,0
2022-12-29,37300.0,,,Thursday,December,1,0,0,0,0,0
2022-12-30,36716.0,,,Friday,December,1,0,0,0,0,0
2022-12-31,20567.0,,,Saturday,December,1,0,0,0,0,0
2023-01-01,7459.0,,,Sunday,January,1,1,0,0,0,0
2023-01-02,31956.0,,,Monday,January,1,0,0,0,0,0
2023-01-03,34016.0,,,Tuesday,January,1,0,0,0,0,0
2023-01-04,28610.0,,,Wednesday,January,1,0,0,0,0,0
2023-01-05,32743.0,,,Thursday,January,1,0,0,0,0,0
2023-01-06,8127.0,,,Friday,January,1,1,0,0,0,0
2023-01-07,41935.0,,,Saturday,January,1,0,0,0,0,0
2023-01-08,6394.0,,,Sunday,January,0,0,0,0,0,0
2023-01-09,21421.0,,,Monday,January,0,0,0,0,0,0
2023-01-10,22316.0,,,Tuesday,January,0,0,0,0,0,0
2023-01-11,18969.0,,,Wednesday,January,0,0,0,0,0,0
2023-01-12,20978.0,,,Thursday,January,0,0,0,0,0,0
2023-01-13,26371.0,,,Friday,January,0,0,0,0,0,0
2023-01-14,31711.0,,,Saturday,January,0,0,0,0,0,0
2023-01-15,5379.0,,,Sunday,January,0,0,0,0,0,0
2023-01-16,20251.0,,,Monday,January,0,0,0,0,0,0
2023-01-17,22158.0,,,Tuesday,January,0,0,0,0,0,0
2023-01-18,17363.0,,,Wednesday,January,0,0,0,0,0,0
2023-01-19,21284.0,,,Thursday,January,0,0,0,0,0,0
2023-01-20,25049.0,,,Friday,January,0,0,0,0,0,0
2023-01-21,34687.0,,,Saturday,January,0,0,0,0,0,0
2023-01-22,6191.0,,,Sunday,January,0,0,0,0,0,0
2023-01-23,20852.0,,,Monday,January,0,0,0,0,0,0
2023-01-24,21111.0,,,Tuesday,January,0,0,0,0,0,0
2023-01-25,20808.0,,,Wednesday,January,0,0,0,0,0,0
2023-01-26,21389.0,,,Thursday,January,0,0,0,0,0,0
2023-01-27,26137.0,,,Friday,January,0,0,0,0,0,0
2023-01-28,36764.0,,,Saturday,January,0,0,0,0,0,0
2023-01-29,6576.0,,,Sunday,January,0,0,0,0,0,0
2023-01-30,19581.0,,,Monday,January,0,0,0,0,0,0
2023-01-31,21947.0,,,Tuesday,January,0,0,0,0,0,0
2023-02-01,21864.0,,,Wednesday,February,0,0,0,0,0,0
2023-02-02,20229.0,,,Thursday,February,0,0,0,0,0,0
2023-02-03,25305.0,,,Friday,February,0,0,0,0,0,0
2023-02-04,40699.0,,,Saturday,February,0,0,0,0,0,0
2023-02-05,4914.0,,,Sunday,February,0,0,0,0,0,0
2023-02-06,21185.0,,,Monday,February,0,0,0,0,0,0
2023-02-07,23957.0,,,Tuesday,February,0,0,0,0,0,0
2023-02-08,23569.0,,,Wednesday,February,0,0,0,0,0,0
2023-02-09,24580.0,,,Thursday,February,0,0,0,0,0,0
2023-02-10,27518.0,,,Friday,February,0,0,0,0,0,0
2023-02-11,41597.0,,,Saturday,February,0,0,0,0,0,0
2023-02-12,7856.0,,,Sunday,February,0,0,0,0,0,0
2023-02-13,24669.0,,,Monday,February,0,0,0,0,0,0
2023-02-14,27064.0,,,Tuesday,February,0,0,0,0,0,0
2023-02-15,23176.0,,,Wednesday,February,0,0,0,0,0,0
2023-02-16,24632.0,,,Thursday,February,0,0,0,0,0,0
2023-02-17,27116.0,,,Friday,February,0,0,0,0,0,0
2023-02-18,36557.0,,,Saturday,February,0,0,0,0,0,0
2023-02-19,22482.0,,,Sunday,February,0,0,0,0,0,1
2023-02-20,27870.0,,,Monday,February,1,0,0,0,0,0
2023-02-21,23753.0,,,Tuesday,February,1,0,0,0,0,0
2023-02-22,28921.0,,,Wednesday,February,1,0,0,0,0,0
2023-02-23,27868.0,,,Thursday,February,1,0,0,0,0,0
2023-02-24,29997.0,,,Friday,February,1,0,0,0,0,0
2023-02-25,33331.0,,,Saturday,February,0,0,0,0,0,0
2023-02-26,6101.0,,,Sunday,February,0,0,0,0,0,0
2023-02-27,20873.0,,,Monday,February,0,0,0,0,0,0
2023-02-28,22315.0,,,Tuesday,February,0,0,0,0,0,0
2023-03-01,23855.0,,,Wednesday,March,0,0,0,0,0,0
2023-03-02,25492.0,,,Thursday,March,0,0,0,0,0,0
2023-03-03,29866.0,,,Friday,March,0,0,0,0,0,0
2023-03-04,39146.0,,,Saturday,March,0,0,0,0,0,0
2023-03-05,7009.0,,,Sunday,March,0,0,0,0,0,0
2023-03-06,20280.0,,,Monday,March,0,0,0,0,0,0
2023-03-07,21381.0,,,Tuesday,March,0,0,0,0,0,0
2023-03-08,15549.0,,,Wednesday,March,0,0,0,0,0,0
2023-03-09,21909.0,,,Thursday,March,0,0,0,0,0,0
2023-03-10,22565.0,,,Friday,March,0,0,0,0,0,0
2023-03-11,40894.0,,,Saturday,March,0,0,0,0,0,0
2023-03-12,7190.0,,,Sunday,March,0,0,0,0,0,0
2023-03-13,23200.0,,,Monday,March,0,0,0,0,0,0
2023-03-14,18336.0,,,Tuesday,March,0,0,0,0,0,0
2023-03-15,21271.0,,,Wednesday,March,0,0,0,0,0,0
2023-03-16,26937.0,,,Thursday,March,0,0,0,0,0,0
2023-03-17,32696.0,,,Friday,March,0,0,0,0,0,0
2023-03-18,46811.0,,,Saturday,March,0,0,0,0,0,0
2023-03-19,8773.0,,,Sunday,March,0,0,0,0,0,0
2023-03-20,22532.0,,,Monday,March,0,0,0,0,0,0
2023-03-21,22896.0,,,Tuesday,March,0,0,0,0,0,0
2023-03-22,26953.0,,,Wednesday,March,0,0,0,0,0,0
2023-03-23,22943.0,,,Thursday,March,0,0,0,0,0,0
2023-03-24,25842.0,,,Friday,March,0,0,0,0,0,0
2023-03-25,36983.0,,,Saturday,March,0,0,0,0,0,0
2023-03-26,6242.0,,,Sunday,March,0,0,0,0,0,0
2023-03-27,20057.0,,,Monday,March,0,0,0,0,0,0
2023-03-28,25103.0,,,Tuesday,March,0,0,0,0,0,0
2023-03-29,26085.0,,,Wednesday,March,0,0,0,0,0,0
2023-03-30,22861.0,,,Thursday,March,0,0,0,0,0,0
2023-03-31,23867.0,,,Friday,March,0,0,0,0,0,0
2023-04-01,31120.0,,,Saturday,April,0,0,0,0,0,0
2023-04-02,7793.0,,,Sunday,April,0,0,0,0,0,0
2023-04-03,34860.0,,,Monday,April,1,0,0,0,0,0
2023-04-04,32179.0,,,Tuesday,April,1,0,0,0,0,0
2023-04-05,32353.0,,,Wednesday,April,1,0,0,0,0,0
2023-04-06,32762.0,,,Thursday,April,1,0,0,0,0,0
2023-04-07,7413.0,,,Friday,April,1,1,0,0,0,0
2023-04-08,39970.0,,,Saturday,April,1,0,0,0,0,0
2023-04-09,7883.0,,,Sunday,April,1,0,0,0,0,0
2023-04-10,8909.0,,,Monday,April,1,1,0,0,0,0
2023-04-11,33305.0,,,Tuesday,April,1,0,0,0,0,0
2023-04-12,25110.0,,,Wednesday,April,1,0,0,0,0,0
2023-04-13,31943.0,,,Thursday,April,1,0,0,0,0,0
2023-04-14,35147.0,,,Friday,April,1,0,0,0,0,0
2023-04-15,31129.0,,,Saturday,April,1,0,0,0,0,0
2023-04-16,6783.0,,,Sunday,April,0,0,0,0,0,0
2023-04-17,24471.0,,,Monday,April,0,0,0,0,0,0
2023-04-18,25581.0,,,Tuesday,April,0,0,0,0,0,0
2023-04-19,26728.0,,,Wednesday,April,0,0,0,0,0,0
2023-04-20,25127.0,,,Thursday,April,0,0,0,0,0,0
2023-04-21,32191.0,,,Friday,April,0,0,0,0,0,0
2023-04-22,41735.0,,,Saturday,April,0,0,0,0,0,0
2023-04-23,11072.0,,,Sunday,April,0,0,0,0,0,0
2023-04-24,23220.0,,,Monday,April,0,0,0,0,0,0
2023-04-25,24228.0,,,Tuesday,April,0,0,0,0,0,0
2023-04-26,26351.0,,,Wednesday,April,0,0,0,0,0,0
2023-04-27,27930.0,,,Thursday,April,0,0,0,0,0,0
2023-04-28,28474.0,,,Friday,April,0,0,0,0,0,0
2023-04-29,45879.0,,,Saturday,April,0,0,0,0,0,0
2023-04-30,12177.0,,,Sunday,April,0,0,0,0,0,0
2023-05-01,9607.0,,,Monday,May,0,1,0,0,0,0
2023-05-02,26903.0,,,Tuesday,May,0,0,0,0,0,0
2023-05-03,28487.0,,,Wednesday,May,0,0,0,0,0,0
2023-05-04,29518.0,,,Thursday,May,0,0,0,0,0,0
2023-05-05,31056.0,,,Friday,May,0,0,0,0,0,0
2023-05-06,44338.0,,,Saturday,May,0,0,0,0,0,0
2023-05-07,13560.0,,,Sunday,May,0,0,0,0,0,0
2023-05-08,22772.0,,,Monday,May,0,0,0,0,0,0
2023-05-09,26281.0,,,Tuesday,May,0,0,0,0,0,0
2023-05-10,23829.0,,,Wednesday,May,0,0,0,0,0,0
2023-05-11,19402.0,,,Thursday,May,0,0,0,0,0,0
2023-05-12,30630.0,,,Friday,May,0,0,0,0,0,0
2023-05-13,46293.0,,,Saturday,May,0,0,0,0,0,0
2023-05-14,10092.0,,,Sunday,May,0,0,0,0,0,0
2023-05-15,24783.0,,,Monday,May,0,0,0,0,0,0
2023-05-16,25348.0,,,Tuesday,May,0,0,0,0,0,0
2023-05-17,29362.0,,,Wednesday,May,0,0,0,0,0,0
2023-05-18,11747.0,,,Thursday,May,0,1,0,0,0,0
2023-05-19,40984.0,,,Friday,May,0,0,0,1,0,0
2023-05-20,43520.0,,,Saturday,May,0,0,0,0,0,0
2023-05-21,9378.0,,,Sunday,May,0,0,0,0,0,0
2023-05-22,25751.0,,,Monday,May,0,0,0,0,0,0
2023-05-23,25762.0,,,Tuesday,May,0,0,0,0,0,0
2023-05-24,27302.0,,,Wednesday,May,0,0,0,0,0,0
2023-05-25,28368.0,,,Thursday,May,0,0,0,0,0,0
2023-05-26,31511.0,,,Friday,May,0,0,0,0,0,0
2023-05-27,41257.0,,,Saturday,May,0,0,0,0,0,0
2023-05-28,13540.0,,,Sunday,May,0,0,0,0,0,0
2023-05-29,11262.0,,,Monday,May,0,1,0,0,0,0
2023-05-30,35451.0,,,Tuesday,May,1,0,0,0,0,0
2023-05-31,31362.0,,,Wednesday,May,1,0,0,0,0,0
2023-06-01,32949.0,,,Thursday,June,1,0,0,0,0,0
2023-06-02,35211.0,,,Friday,June,1,0,0,0,0,0
2023-06-03,38379.0,,,Saturday,June,1,0,0,0,0,0
2023-06-04,10102.0,,,Sunday,June,1,0,0,0,0,0
2023-06-05,28400.0,,,Monday,June,1,0,0,0,0,0
2023-06-06,28334.0,,,Tuesday,June,1,0,0,0,0,0
2023-06-07,27390.0,,,Wednesday,June,1,0,0,0,0,0
2023-06-08,9219.0,,,Thursday,June,1,1,0,0,0,0
2023-06-09,37587.0,,,Friday,June,1,0,0,1,0,0
2023-06-10,34368.0,,,Saturday,June,0,0,0,0,0,0
2023-06-11,7226.0,,,Sunday,June,0,0,0,0,0,0
2023-06-12,22519.0,,,Monday,June,0,0,0,0,0,0
2023-06-13,23078.0,,,Tuesday,June,0,0,0,0,0,0
2023-06-14,25058.0,,,Wednesday,June,0,0,0,0,0,0
2023-06-15,25438.0,,,Thursday,June,0,0,0,0,0,0
2023-06-16,29993.0,,,Friday,June,0,0,0,0,0,0
2023-06-17,34134.0,,,Saturday,June,0,0,0,0,0,0
2023-06-18,7440.0,,,Sunday,June,0,0,0,0,0,0
2023-06-19,21814.0,,,Monday,June,0,0,0,0,0,0
2023-06-20,21490.0,,,Tuesday,June,0,0,0,0,0,0
2023-06-21,23742.0,,,Wednesday,June,0,0,0,0,0,0
2023-06-22,21576.0,,,Thursday,June,0,0,0,0,0,0
2023-06-23,28243.0,,,Friday,June,0,0,0,0,0,0
2023-06-24,36249.0,,,Saturday,June,0,0,0,0,0,0
2023-06-25,9818.0,,,Sunday,June,0,0,0,0,0,0
2023-06-26,17912.0,,,Monday,June,0,0,0,0,0,0
2023-06-27,22569.0,,,Tuesday,June,0,0,0,0,0,0
2023-06-28,24949.0,,,Wednesday,June,0,0,0,0,0,0
2023-06-29,24562.0,,,Thursday,June,0,0,0,0,0,0
2023-06-30,29901.0,,,Friday,June,0,0,0,0,0,0
2023-07-01,36505.0,,,Saturday,July,0,0,0,0,0,0
2023-07-02,8825.0,,,Sunday,July,0,0,0,0,0,0
2023-07-03,23643.0,,,Monday,July,0,0,0,0,0,0
2023-07-04,27704.0,,,Tuesday,July,0,0,0,0,0,0
2023-07-05,27788.0,,,Wednesday,July,0,0,0,0,0,0
2023-07-06,28072.0,,,Thursday,July,0,0,0,0,0,0
2023-07-07,29236.0,,,Friday,July,0,0,0,0,0,0
2023-07-08,33431.0,,,Saturday,July,0,0,0,0,0,0
2023-07-09,6658.0,,,Sunday,July,0,0,0,0,0,0
2023-07-10,24031.0,,,Monday,July,0,0,0,0,0,0
2023-07-11,21305.0,,,Tuesday,July,0,0,0,0,0,0
2023-07-12,26064.0,,,Wednesday,July,0,0,0,0,0,0
2023-07-13,28561.0,,,Thursday,July,0,0,0,0,0,0
2023-07-14,29890.0,,,Friday,July,0,0,0,0,0,0
2023-07-15,30254.0,,,Saturday,July,0,0,0,0,0,0
2023-07-16,9994.0,,,Sunday,July,0,0,0,0,0,0
2023-07-17,26998.0,,,Monday,July,0,0,0,0,0,0
2023-07-18,27026.0,,,Tuesday,July,0,0,0,0,0,0
2023-07-19,26107.0,,,Wednesday,July,0,0,0,0,0,0
2023-07-20,28475.0,,,Thursday,July,0,0,0,0,0,0
2023-07-21,29596.0,,,Friday,July,0,0,0,0,0,0
2023-07-22,41058.0,,,Saturday,July,0,0,0,0,0,0
2023-07-23,9065.0,,,Sunday,July,0,0,0,0,0,0
2023-07-24,27005.0,,,Monday,July,0,0,0,0,0,0
2023-07-25,28090.0,,,Tuesday,July,0,0,0,0,0,0
2023-07-26,29704.0,,,Wednesday,July,0,0,0,0,0,0
2023-07-27,26274.0,,,Thursday,July,0,0,0,0,0,0
2023-07-28,33209.0,,,Friday,July,0,0,0,0,0,0
2023-07-29,37744.0,,,Saturday,July,0,0,0,0,0,0
2023-07-30,8863.0,,,Sunday,July,0,0,0,0,0,0
2023-07-31,32359.0,,,Monday,July,1,0,0,0,0,0
2023-08-01,27333.0,,,Tuesday,August,1,0,0,0,0,0
2023-08-02,20342.0,,,Wednesday,August,1,0,0,0,0,0
2023-08-03,31003.0,,,Thursday,August,1,0,0,0,0,0
2023-08-04,30274.0,,,Friday,August,1,0,0,0,0,0
2023-08-05,39299.0,,,Saturday,August,1,0,0,0,0,0
2023-08-06,5759.0,,,Sunday,August,1,0,0,0,0,0
2023-08-07,28763.0,,,Monday,August,1,0,0,0,0,0
2023-08-08,30376.0,,,Tuesday,August,1,0,0,0,0,0
2023-08-09,28089.0,,,Wednesday,August,1,0,0,0,0,0
2023-08-10,30983.0,,,Thursday,August,1,0,0,0,0,0
2023-08-11,31418.0,,,Friday,August,1,0,0,0,0,0
2023-08-12,34681.0,,,Saturday,August,1,0,0,0,0,0
2023-08-13,7989.0,,,Sunday,August,1,0,0,0,0,0
2023-08-14,29396.0,,,Monday,August,1,0,1,0,0,0
2023-08-15,7791.0,,,Tuesday,August,1,1,0,0,0,0
2023-08-16,29113.0,,,Wednesday,August,1,0,0,0,0,0
2023-08-17,25683.0,,,Thursday,August,1,0,0,0,0,0
2023-08-18,24960.0,,,Friday,August,1,0,0,0,0,0
2023-08-19,25868.0,,,Saturday,August,1,0,0,0,0,0
2023-08-20,5988.0,,,Sunday,August,1,0,0,0,0,0
2023-08-21,21668.0,,,Monday,August,1,0,0,0,0,0
2023-08-22,21713.0,,,Tuesday,August,1,0,0,0,0,0
2023-08-23,22209.0,,,Wednesday,August,1,0,0,0,0,0
2023-08-24,24154.0,,,Thursday,August,1,0,0,0,0,0
2023-08-25,25483.0,,,Friday,August,1,0,0,0,0,0
2023-08-26,34905.0,,,Saturday,August,1,0,0,0,0,0
2023-08-27,8002.0,,,Sunday,August,1,0,0,0,0,0
2023-08-28,28683.0,,,Monday,August,1,0,0,0,0,0
2023-08-29,25167.0,,,Tuesday,August,1,0,0,0,0,0
2023-08-30,29155.0,,,Wednesday,August,1,0,0,0,0,0
2023-08-31,30446.0,,,Thursday,August,1,0,0,0,0,0
2023-09-01,26783.0,,,Friday,September,1,0,0,0,0,0
2023-09-02,39598.0,,,Saturday,September,1,0,0,0,0,0
2023-09-03,8682.0,,,Sunday,September,1,0,0,0,0,0
2023-09-04,27305.0,,,Monday,September,1,0,0,0,0,0
2023-09-05,26593.0,,,Tuesday,September,1,0,0,0,0,0
2023-09-06,26906.0,,,Wednesday,September,1,0,0,0,0,0
2023-09-07,27731.0,,,Thursday,September,1,0,0,0,0,0
2023-09-08,35279.0,,,Friday,September,1,0,0,0,0,1
2023-09-09,49225.0,,,Saturday,September,1,0,0,0,0,1
2023-09-10,18331.0,,,Sunday,September,1,0,0,0,0,1
2023-09-11,28095.0,,,Monday,September,1,0,0,0,0,0
2023-09-12,23955.0,,,Tuesday,September,0,0,0,0,0,0
2023-09-13,24877.0,,,Wednesday,September,0,0,0,0,0,0
2023-09-14,26718.0,,,Thursday,September,0,0,0,0,0,0
2023-09-15,37915.0,,,Friday,September,0,0,0,0,0,0
2023-09-16,48445.0,,,Saturday,September,0,0,0,0,0,0
2023-09-17,9285.0,,,Sunday,September,0,0,0,0,0,0
2023-09-18,21720.0,,,Monday,September,0,0,0,0,0,0
2023-09-19,25522.0,,,Tuesday,September,0,0,0,0,0,0
2023-09-20,25899.0,,,Wednesday,September,0,0,0,0,0,0
2023-09-21,25029.0,,,Thursday,September,0,0,0,0,0,0
2023-09-22,30313.0,,,Friday,September,0,0,0,0,0,0
2023-09-23,42723.0,,,Saturday,September,0,0,0,0,0,0
2023-09-24,9623.0,,,Sunday,September,0,0,0,0,0,0
2023-09-25,25028.0,,,Monday,September,0,0,0,0,0,0
2023-09-26,25002.0,,,Tuesday,September,0,0,0,0,0,0
2023-09-27,26629.0,,,Wednesday,September,0,0,0,0,0,0
2023-09-28,26011.0,,,Thursday,September,0,0,0,0,0,0
2023-09-29,30757.0,,,Friday,September,0,0,0,0,0,0
2023-09-30,45073.0,,,Saturday,September,0,0,0,0,0,0
2023-10-01,10558.0,,,Sunday,October,0,0,0,0,0,0
2023-10-02,44082.0,,,Monday,October,0,0,1,0,0,0
2023-10-03,8321.0,,,Tuesday,October,0,1,0,0,0,0
2023-10-04,28832.0,,,Wednesday,October,0,0,0,0,0,0
2023-10-05,27439.0,,,Thursday,October,0,0,0,0,0,0
2023-10-06,32019.0,,,Friday,October,0,0,0,0,0,0
2023-10-07,44504.0,,,Saturday,October,0,0,0,0,0,0
2023-10-08,8835.0,,,Sunday,October,0,0,0,0,0,0
2023-10-09,25161.0,,,Monday,October,0,0,0,0,0,0
2023-10-10,25902.0,,,Tuesday,October,0,0,0,0,0,0
2023-10-11,27244.0,,,Wednesday,October,0,0,0,0,0,0
2023-10-12,25010.0,,,Thursday,October,0,0,0,0,0,0
2023-10-13,32678.0,,,Friday,October,0,0,0,0,0,0
2023-10-14,44488.0,,,Saturday,October,0,0,0,0,0,0
2023-10-15,8848.0,,,Sunday,October,0,0,0,0,0,0
2023-10-16,27481.0,,,Monday,October,0,0,0,0,0,0
2023-10-17,27148.0,,,Tuesday,October,0,0,0,0,0,0
2023-10-18,25913.0,,,Wednesday,October,0,0,0,0,0,0
2023-10-19,24103.0,,,Thursday,October,0,0,0,0,0,0
2023-10-20,29658.0,,,Friday,October,0,0,0,0,0,0
2023-10-21,46030.0,,,Saturday,October,0,0,0,0,0,0
2023-10-22,9572.0,,,Sunday,October,0,0,0,0,0,0
2023-10-23,25455.0,,,Monday,October,0,0,0,0,0,0
2023-10-24,18214.0,,,Tuesday,October,0,0,0,0,0,0
2023-10-25,19844.0,,,Wednesday,October,0,0,0,0,0,0
2023-10-26,26513.0,,,Thursday,October,0,0,0,0,0,0
2023-10-27,29123.0,,,Friday,October,0,0,0,0,0,0
2023-10-28,39581.0,,,Saturday,October,0,0,0,0,0,1
2023-10-29,32190.0,,,Sunday,October,0,0,0,0,0,1
2023-10-30,38673.0,,,Monday,October,1,0,0,0,0,0
2023-10-31,37058.0,,,Tuesday,October,1,0,0,0,0,0
2023-11-01,12426.0,,,Wednesday,November,1,1,0,0,0,0
2023-11-02,30574.0,,,Thursday,November,1,0,0,0,0,0
2023-11-03,37112.0,,,Friday,November,1,0,0,0,0,0
2023-11-04,40219.0,,,Saturday,November,0,0,0,0,0,0
2023-11-05,7410.0,,,Sunday,November,0,0,0,0,0,0
2023-11-06,23968.0,,,Monday,November,0,0,0,0,0,0
2023-11-07,23069.0,,,Tuesday,November,0,0,0,0,0,0
2023-11-08,26041.0,,,Wednesday,November,0,0,0,0,0,0
2023-11-09,25236.0,,,Thursday,November,0,0,0,0,0,0
2023-11-10,30700.0,,,Friday,November,0,0,0,0,0,0
2023-11-11,40308.0,,,Saturday,November,0,0,0,0,0,0
2023-11-12,9915.0,,,Sunday,November,0,0,0,0,0,0
2023-11-13,14320.0,,,Monday,November,0,0,0,0,0,0
2023-11-14,24203.0,,,Tuesday,November,0,0,0,0,0,0
2023-11-15,20805.0,,,Wednesday,November,0,0,0,0,0,0
2023-11-16,19235.0,,,Thursday,November,0,0,0,0,0,0
2023-11-17,31815.0,,,Friday,November,0,0,0,0,0,0
2023-11-18,42406.0,,,Saturday,November,0,0,0,0,0,0
2023-11-19,8821.0,,,Sunday,November,0,0,0,0,0,0
2023-11-20,25187.0,,,Monday,November,0,0,0,0,1,0
2023-11-21,25587.0,,,Tuesday,November,0,0,0,0,1,0
2023-11-22,31243.0,,,Wednesday,November,1,0,0,0,1,0
2023-11-23,26834.0,,,Thursday,November,0,0,0,0,1,0
2023-11-24,40264.0,,,Friday,November,0,0,0,0,1,0
2023-11-25,42336.0,,,Saturday,November,0,0,0,0,1,0
2023-11-26,8295.0,,,Sunday,November,0,0,0,0,0,0
2023-11-27,17845.0,,,Monday,November,0,0,0,0,0,0
2023-11-28,23284.0,,,Tuesday,November,0,0,0,0,0,0
2023-11-29,26313.0,,,Wednesday,November,0,0,0,0,0,0
2023-11-30,29130.0,,,Thursday,November,0,0,0,0,0,0
2023-12-01,35895.0,,,Friday,December,0,0,0,0,0,0
2023-12-02,61975.0,,,Saturday,December,0,0,0,0,0,0
2023-12-03,14121.0,,,Sunday,December,0,0,0,0,0,0
2023-12-04,30779.0,,,Monday,December,0,0,0,0,0,0
2023-12-05,31786.0,,,Tuesday,December,0,0,0,0,0,0
2023-12-06,33122.0,,,Wednesday,December,0,0,0,0,0,0
2023-12-07,36000.0,,,Thursday,December,0,0,0,0,0,0
2023-12-08,36391.0,,,Friday,December,0,0,0,0,0,0
2023-12-09,55762.0,,,Saturday,December,0,0,0,0,0,0
2023-12-10,16660.0,,,Sunday,December,0,0,0,0,0,0
2023-12-11,35845.0,,,Monday,December,0,0,0,0,0,0
2023-12-12,36311.0,,,Tuesday,December,0,0,0,0,0,0
2023-12-13,38721.0,,,Wednesday,December,0,0,0,0,0,0
2023-12-14,37297.0,,,Thursday,December,0,0,0,0,0,0
2023-12-15,48577.0,,,Friday,December,0,0,0,0,0,0
2023-12-16,62555.0,,,Saturday,December,0,0,0,0,0,0
2023-12-17,16912.0,,,Sunday,December,0,0,0,0,0,0
2023-12-18,41804.0,,,Monday,December,0,0,0,0,0,0
2023-12-19,43163.0,,,Tuesday,December,0,0,0,0,0,0
2023-12-20,45481.0,,,Wednesday,December,0,0,0,0,0,0
2023-12-21,36630.0,,,Thursday,December,0,0,0,0,0,0
2023-12-22,40520.0,,,Friday,December,0,0,0,0,0,0
2023-12-23,44713.0,,,Saturday,December,1,0,0,0,0,0
2023-12-24,3797.0,,,Sunday,December,1,0,0,0,0,0
2023-12-25,4838.0,,,Monday,December,1,1,0,0,0,0
2023-12-26,6885.0,,,Tuesday,December,1,1,0,0,0,0
2023-12-27,44492.0,,,Wednesday,December,1,0,0,0,0,0
2023-12-28,41946.0,,,Thursday,December,1,0,0,0,0,0
2023-12-29,40381.0,,,Friday,December,1,0,0,0,0,0
2023-12-30,39056.0,,,Saturday,December,1,0,0,0,0,0
2023-12-31,8829.0,,,Sunday,December,1,0,0,0,0,0
2024-01-01,7995.0,,,Monday,January,1,1,0,0,0,0
2024-01-02,19331.0,,,Tuesday,January,1,0,0,0,0,0
2024-01-03,25957.0,,,Wednesday,January,1,0,0,0,0,0
2024-01-04,29087.0,,,Thursday,January,1,0,0,0,0,0
2024-01-05,34935.0,,,Friday,January,1,0,0,0,0,0
2024-01-06,9556.0,,,Saturday,January,0,1,0,0,0,0
2024-01-07,6021.0,,,Sunday,January,0,0,0,0,0,0
2024-01-08,18887.0,,,Monday,January,0,0,0,0,0,0
2024-01-09,21271.0,,,Tuesday,January,0,0,0,0,0,0
2024-01-10,20171.0,,,Wednesday,January,0,0,0,0,0,0
2024-01-11,21849.0,,,Thursday,January,0,0,0,0,0,0
2024-01-12,24014.0,,,Friday,January,0,0,0,0,0,0
2024-01-13,35100.0,,,Saturday,January,0,0,0,0,0,0
2024-01-14,5832.0,,,Sunday,January,0,0,0,0,0,0
2024-01-15,18965.0,,,Monday,January,0,0,0,0,0,0
2024-01-16,23477.0,,,Tuesday,January,0,0,0,0,0,0
2024-01-17,10827.0,,,Wednesday,January,0,0,0,0,0,0
2024-01-18,15535.0,,,Thursday,January,0,0,0,0,0,0
2024-01-19,25890.0,,,Friday,January,0,0,0,0,0,0
2024-01-20,35675.0,,,Saturday,January,0,0,0,0,0,0
2024-01-21,6042.0,,,Sunday,January,0,0,0,0,0,0
2024-01-22,19036.0,,,Monday,January,0,0,0,0,0,0
2024-01-23,22482.0,,,Tuesday,January,0,0,0,0,0,0
2024-01-24,20034.0,,,Wednesday,January,0,0,0,0,0,0
2024-01-25,22505.0,,,Thursday,January,0,0,0,0,0,0
2024-01-26,21698.0,,,Friday,January,0,0,0,0,0,0
2024-01-27,39803.0,,,Saturday,January,0,0,0,0,0,0
2024-01-28,7377.0,,,Sunday,January,0,0,0,0,0,0
2024-01-29,21983.0,,,Monday,January,0,0,0,0,0,0
2024-01-30,22597.0,,,Tuesday,January,0,0,0,0,0,0
2024-01-31,24564.0,,,Wednesday,January,0,0,0,0,0,0
2024-02-01,23936.0,,,Thursday,February,0,0,0,0,0,0
2024-02-02,28954.0,,,Friday,February,0,0,0,0,0,0
2024-02-03,42270.0,,,Saturday,February,0,0,0,0,0,0
2024-02-04,6570.0,,,Sunday,February,0,0,0,0,0,0
2024-02-05,23647.0,,,Monday,February,0,0,0,0,0,0
2024-02-06,23107.0,,,Tuesday,February,0,0,0,0,0,0
2024-02-07,16046.0,,,Wednesday,February,0,0,0,0,0,0
2024-02-08,17963.0,,,Thursday,February,0,0,0,0,0,0
2024-02-09,28175.0,,,Friday,February,0,0,0,0,0,0
2024-02-10,39527.0,,,Saturday,February,0,0,0,0,0,0
2024-02-11,21066.0,,,Sunday,February,0,0,0,0,0,1
2024-02-12,24761.0,,,Monday,February,1,0,0,0,0,0
2024-02-13,25096.0,,,Tuesday,February,1,0,0,0,0,0
2024-02-14,30431.0,,,Wednesday,February,1,0,0,0,0,0
2024-02-15,31806.0,,,Thursday,February,1,0,0,0,0,0
2024-02-16,33055.0,,,Friday,February,1,0,0,0,0,0
2024-02-17,41932.0,,,Saturday,February,0,0,0,0,0,0
2024-02-18,8093.0,,,Sunday,February,0,0,0,0,0,0
2024-02-19,23051.0,,,Monday,February,0,0,0,0,0,0
2024-02-20,23742.0,,,Tuesday,February,0,0,0,0,0,0
2024-02-21,23735.0,,,Wednesday,February,0,0,0,0,0,0
2024-02-22,17148.0,,,Thursday,February,0,0,0,0,0,0
2024-02-23,28357.0,,,Friday,February,0,0,0,0,0,0
2024-02-24,41220.0,,,Saturday,February,0,0,0,0,0,0
2024-02-25,9022.0,,,Sunday,February,0,0,0,0,0,0
2024-02-26,21743.0,,,Monday,February,0,0,0,0,0,0
2024-02-27,22667.0,,,Tuesday,February,0,0,0,0,0,0
2024-02-28,25018.0,,,Wednesday,February,0,0,0,0,0,0
2024-02-29,26164.0,,,Thursday,February,0,0,0,0,0,0
2024-03-01,29692.0,,,Friday,March,0,0,0,0,0,0
2024-03-02,47134.0,,,Saturday,March,0,0,0,0,0,0
2024-03-03,12681.0,,,Sunday,March,0,0,0,0,0,0
2024-03-04,23284.0,,,Monday,March,0,0,0,0,0,0
2024-03-05,18820.0,,,Tuesday,March,0,0,0,0,0,0
2024-03-06,,,,Wednesday,March,0,0,0,0,0,0
2024-03-07,23513.0,,,Thursday,March,0,0,0,0,0,0
2024-03-08,33709.0,,,Friday,March,0,0,0,0,0,0
2024-03-09,45422.0,,,Saturday,March,0,0,0,0,0,0
2024-03-10,8468.0,,,Sunday,March,0,0,0,0,0,0
2024-03-11,22954.0,,,Monday,March,0,0,0,0,0,0
2024-03-12,21301.0,,,Tuesday,March,0,0,0,0,0,0
2024-03-13,22535.0,,,Wednesday,March,0,0,0,0,0,0
2024-03-14,25734.0,,,Thursday,March,0,0,0,0,0,0
2024-03-15,29727.0,,,Friday,March,0,0,0,0,0,0
2024-03-16,41261.0,,,Saturday,March,0,0,0,0,0,0
2024-03-17,9433.0,,,Sunday,March,0,0,0,0,0,0
2024-03-18,22188.0,,,Monday,March,0,0,0,0,0,0
2024-03-19,24575.0,,,Tuesday,March,0,0,0,0,0,0
2024-03-20,25907.0,,,Wednesday,March,0,0,0,0,0,0
2024-03-21,25206.0,,,Thursday,March,0,0,0,0,0,0
2024-03-22,29513.0,,,Friday,March,0,0,0,0,0,0
2024-03-23,38409.0,,,Saturday,March,0,0,0,0,0,0
2024-03-24,6176.0,,,Sunday,March,0,0,0,0,0,0
2024-03-25,30941.0,,,Monday,March,1,0,0,0,0,0
2024-03-26,32931.0,16298.0,16633.0,Tuesday,March,1,0,0,0,0,0
2024-03-27,31046.0,15462.0,15584.0,Wednesday,March,1,0,0,0,0,0
2024-03-28,32936.0,16258.0,16678.0,Thursday,March,1,0,0,0,0,0
2024-03-29,7449.0,3639.0,3810.0,Friday,March,1,1,0,0,0,0
2024-03-30,47768.0,23949.0,23819.0,Saturday,March,1,0,0,0,0,0
2024-03-31,8487.0,4202.0,4285.0,Sunday,March,1,0,0,0,0,0
2024-04-01,6028.0,2876.0,3152.0,Monday,April,1,1,0,0,0,0
2024-04-02,31341.0,15452.0,15889.0,Tuesday,April,1,0,0,0,0,0
2024-04-03,27323.0,13541.0,13782.0,Wednesday,April,1,0,0,0,0,0
2024-04-04,23644.0,11856.0,11788.0,Thursday,April,1,0,0,0,0,0
2024-04-05,36429.0,18124.0,18305.0,Friday,April,1,0,0,0,0,0
2024-04-06,44657.0,22135.0,22522.0,Saturday,April,1,0,0,0,0,0
2024-04-07,9805.0,4769.0,5036.0,Sunday,April,0,0,0,0,0,0
2024-04-08,26377.0,12931.0,13446.0,Monday,April,0,0,0,0,0,0
2024-04-09,23724.0,11667.0,12057.0,Tuesday,April,0,0,0,0,0,0
2024-04-10,26818.0,13270.0,13548.0,Wednesday,April,0,0,0,0,0,0
2024-04-11,27717.0,,,Thursday,April,0,0,0,0,0,0
2024-04-12,32275.0,,,Friday,April,0,0,0,0,0,0
2024-04-13,43746.0,,,Saturday,April,0,0,0,0,0,0
2024-04-14,10297.0,,,Sunday,April,0,0,0,0,0,0
2024-04-15,22997.0,,,Monday,April,0,0,0,0,0,0
2024-04-16,18018.0,,,Tuesday,April,0,0,0,0,0,0
2024-04-17,23990.0,,,Wednesday,April,0,0,0,0,0,0
2024-04-18,21241.0,,,Thursday,April,0,0,0,0,0,0
2024-04-19,15781.0,,,Friday,April,0,0,0,0,0,0
2024-04-20,41209.0,,,Saturday,April,0,0,0,0,0,0
2024-04-21,4286.0,,,Sunday,April,0,0,0,0,0,0
2024-04-22,22043.0,,,Monday,April,0,0,0,0,0,0
2024-04-23,23699.0,,,Tuesday,April,0,0,0,0,0,0
2024-04-24,19711.0,,,Wednesday,April,0,0,0,0,0,0
2024-04-25,23595.0,,,Thursday,April,0,0,0,0,0,0
2024-04-26,30965.0,,,Friday,April,0,0,0,0,0,0
2024-04-27,46680.0,,,Saturday,April,0,0,0,0,0,0
2024-04-28,10721.0,,,Sunday,April,0,0,0,0,0,0
2024-04-29,27252.0,,,Monday,April,0,0,0,0,0,0
2024-04-30,30338.0,,,Tuesday,April,0,0,0,0,0,0
2024-05-01,12421.0,,,Wednesday,May,0,1,0,0,0,0
2024-05-02,26309.0,,,Thursday,May,0,0,0,0,0,0
2024-05-03,31927.0,,,Friday,May,0,0,0,0,0,0
2024-05-04,46143.0,,,Saturday,May,0,0,0,0,0,0
2024-05-05,12984.0,,,Sunday,May,0,0,0,0,0,0
2024-05-06,23002.0,,,Monday,May,0,0,0,0,0,0
2024-05-07,26320.0,,,Tuesday,May,0,0,0,0,0,0
2024-05-08,28671.0,,,Wednesday,May,0,0,0,0,0,0
2024-05-09,12708.0,,,Thursday,May,0,1,0,0,0,0
2024-05-10,43987.0,,,Friday,May,0,0,0,1,0,0
2024-05-11,45702.0,,,Saturday,May,0,0,0,0,0,0
2024-05-12,9409.0,,,Sunday,May,0,0,0,0,0,0
2024-05-13,25417.0,,,Monday,May,0,0,0,0,0,0
2024-05-14,26696.0,,,Tuesday,May,0,0,0,0,0,0
2024-05-15,26939.0,,,Wednesday,May,0,0,0,0,0,0
2024-05-16,24640.0,12113.0,12527.0,Thursday,May,0,0,0,0,0,0
2024-05-17,24790.0,12170.0,12620.0,Friday,May,0,0,0,0,0,0
2024-05-18,42182.0,,,Saturday,May,0,0,0,0,0,0
2024-05-19,9986.0,,,Sunday,May,0,0,0,0,0,0
2024-05-20,10782.0,,,Monday,May,0,1,0,0,0,0
2024-05-21,25097.0,,,Tuesday,May,1,0,0,0,0,0
2024-05-22,30111.0,,,Wednesday,May,1,0,0,0,0,0
2024-05-23,30766.0,15335.0,15431.0,Thursday,May,1,0,0,0,0,0
2024-05-24,26416.0,13243.0,13173.0,Friday,May,1,0,0,0,0,0
2024-05-25,41114.0,,,Saturday,May,1,0,0,0,0,0
2024-05-26,12443.0,,,Sunday,May,1,0,0,0,0,0
2024-05-27,26196.0,,,Monday,May,1,0,0,0,0,0
2024-05-28,30665.0,,,Tuesday,May,1,0,0,0,0,0
2024-05-29,30397.0,,,Wednesday,May,1,0,0,0,0,0
2024-05-30,12236.0,,,Thursday,May,1,1,0,0,0,0
2024-05-31,39098.0,,,Friday,May,1,0,0,1,0,0
2024-06-01,29213.0,,,Saturday,June,1,0,0,0,0,0
2024-06-02,8893.0,,,Sunday,June,0,0,0,0,0,0
2024-06-03,24685.0,12218.0,12467.0,Monday,June,0,0,0,0,0,0
2024-06-04,25575.0,12368.0,13207.0,Tuesday,June,0,0,0,0,0,0
2024-06-05,25210.0,12333.0,12877.0,Wednesday,June,0,0,0,0,0,0
2024-06-06,25785.0,,,Thursday,June,0,0,0,0,0,0
2024-06-07,31049.0,,,Friday,June,0,0,0,0,0,0
2024-06-08,42708.0,,,Saturday,June,0,0,0,0,0,0
2024-06-09,9931.0,,,Sunday,June,0,0,0,0,0,0
2024-06-10,23424.0,,,Monday,June,0,0,0,0,0,0
2024-06-11,25618.0,12668.0,12950.0,Tuesday,June,0,0,0,0,0,0
2024-06-12,24113.0,11969.0,12144.0,Wednesday,June,0,0,0,0,0,0
2024-06-13,26259.0,13104.0,13155.0,Thursday,June,0,0,0,0,0,0
2024-06-14,26728.0,13268.0,13460.0,Friday,June,0,0,0,0,0,0
2024-06-15,41653.0,20560.0,21093.0,Saturday,June,0,0,0,0,0,0
2024-06-16,9520.0,4555.0,4965.0,Sunday,June,0,0,0,0,0,0
2024-06-17,22521.0,11051.0,11470.0,Monday,June,0,0,0,0,0,0
2024-06-18,24067.0,11767.0,12300.0,Tuesday,June,0,0,0,0,0,0
2024-06-19,22331.0,11088.0,11243.0,Wednesday,June,0,0,0,0,0,0
2024-06-20,24846.0,12225.0,12621.0,Thursday,June,0,0,0,0,0,0
2024-06-21,27205.0,13504.0,13701.0,Friday,June,0,0,0,0,0,0
2024-06-22,38937.0,19273.0,19664.0,Saturday,June,0,0,0,0,0,0
2024-06-23,9026.0,4305.0,4721.0,Sunday,June,0,0,0,0,0,0
2024-06-24,23392.0,11477.0,11915.0,Monday,June,0,0,0,0,0,0
2024-06-25,23921.0,11777.0,12144.0,Tuesday,June,0,0,0,0,0,0
2024-06-26,23186.0,11476.0,11710.0,Wednesday,June,0,0,0,0,0,0
2024-06-27,19349.0,9623.0,9726.0,Thursday,June,0,0,0,0,0,0
2024-06-28,16326.0,8161.0,8165.0,Friday,June,0,0,0,0,0,0
2024-06-29,36119.0,17891.0,18228.0,Saturday,June,0,0,0,0,0,0
2024-06-30,5507.0,2454.0,3053.0,Sunday,June,0,0,0,0,0,0
2024-07-01,23163.0,11505.0,11658.0,Monday,July,0,0,0,0,0,0
2024-07-02,24489.0,11852.0,12637.0,Tuesday,July,0,0,0,0,0,0
2024-07-03,22515.0,11169.0,11346.0,Wednesday,July,0,0,0,0,0,0
2024-07-04,24676.0,12152.0,12524.0,Thursday,July,0,0,0,0,0,0
2024-07-05,29014.0,14248.0,14766.0,Friday,July,0,0,0,0,0,0
2024-07-06,33237.0,16683.0,16554.0,Saturday,July,0,0,0,0,0,0
2024-07-07,10094.0,4808.0,5286.0,Sunday,July,0,0,0,0,0,0
2024-07-08,27275.0,13542.0,13733.0,Monday,July,0,0,0,0,0,0
2024-07-09,22583.0,11247.0,11336.0,Tuesday,July,0,0,0,0,0,0
2024-07-10,24585.0,12176.0,12409.0,Wednesday,July,0,0,0,0,0,0
2024-07-11,28214.0,13870.0,14344.0,Thursday,July,0,0,0,0,0,0
2024-07-12,29283.0,14630.0,14653.0,Friday,July,0,0,0,0,0,0
2024-07-13,43038.0,21719.0,21319.0,Saturday,July,0,0,0,0,0,0
2024-07-14,9348.0,4408.0,4940.0,Sunday,July,0,0,0,0,0,0
2024-07-15,25610.0,12494.0,13116.0,Monday,July,0,0,0,0,0,0
2024-07-16,28674.0,14132.0,14542.0,Tuesday,July,0,0,0,0,0,0
2024-07-17,28472.0,13907.0,14565.0,Wednesday,July,0,0,0,0,0,0
2024-07-18,27026.0,13194.0,13832.0,Thursday,July,0,0,0,0,0,0
2024-07-19,28375.0,13959.0,14416.0,Friday,July,0,0,0,0,0,0
2024-07-20,31605.0,15832.0,15773.0,Saturday,July,0,0,0,0,0,0
2024-07-21,9011.0,4367.0,4644.0,Sunday,July,0,0,0,0,0,0
2024-07-22,26779.0,13246.0,13533.0,Monday,July,0,0,0,0,0,0
2024-07-23,29655.0,14344.0,15311.0,Tuesday,July,0,0,0,0,0,0
2024-07-24,29534.0,14769.0,14765.0,Wednesday,July,0,0,0,0,0,0
2024-07-25,28718.0,14097.0,14621.0,Thursday,July,0,0,0,0,0,0
2024-07-26,29983.0,14674.0,15309.0,Friday,July,0,0,0,0,0,0
2024-07-27,35443.0,17738.0,17705.0,Saturday,July,0,0,0,0,0,0
2024-07-28,8699.0,4236.0,4463.0,Sunday,July,0,0,0,0,0,0
2024-07-29,,,,Monday,July,1,0,0,0,0,0
2024-07-30,28590.0,13948.0,14642.0,Tuesday,July,1,0,0,0,0,0
2024-07-31,27294.0,13394.0,13900.0,Wednesday,July,1,0,0,0,0,0
2024-08-01,27423.0,13505.0,13918.0,Thursday,August,1,0,0,0,0,0
2024-08-02,32482.0,16247.0,16235.0,Friday,August,1,0,0,0,0,0
2024-08-03,33011.0,16767.0,16244.0,Saturday,August,1,0,0,0,0,0
2024-08-04,8649.0,4050.0,4599.0,Sunday,August,1,0,0,0,0,0
2024-08-05,32170.0,15878.0,16292.0,Monday,August,1,0,0,0,0,0
2024-08-06,27393.0,13454.0,13939.0,Tuesday,August,1,0,0,0,0,0
2024-08-07,25512.0,12596.0,12916.0,Wednesday,August,1,0,0,0,0,0
2024-08-08,30563.0,15159.0,15404.0,Thursday,August,1,0,0,0,0,0
2024-08-09,30625.0,15157.0,15468.0,Friday,August,1,0,0,0,0,0
2024-08-10,34015.0,16933.0,17082.0,Saturday,August,1,0,0,0,0,0
2024-08-11,7769.0,3555.0,4214.0,Sunday,August,1,0,0,0,0,0
2024-08-12,26115.0,12740.0,13375.0,Monday,August,1,0,0,0,0,0
2024-08-13,23114.0,11257.0,11857.0,Tuesday,August,1,0,0,0,0,0
2024-08-14,26417.0,13033.0,13384.0,Wednesday,August,1,0,0,0,0,0
2024-08-15,8204.0,3883.0,4321.0,Thursday,August,1,1,0,0,0,0
2024-08-16,32641.0,15981.0,16660.0,Friday,August,1,0,0,1,0,0
2024-08-17,33834.0,16635.0,17199.0,Saturday,August,1,0,0,0,0,0
2024-08-18,7652.0,3582.0,4070.0,Sunday,August,1,0,0,0,0,0
2024-08-19,30930.0,15079.0,15851.0,Monday,August,1,0,0,0,0,0
2024-08-20,29426.0,14485.0,14941.0,Tuesday,August,1,0,0,0,0,0
2024-08-21,30453.0,14956.0,15497.0,Wednesday,August,1,0,0,0,0,0
2024-08-22,28787.0,14334.0,14453.0,Thursday,August,1,0,0,0,0,0
2024-08-23,29198.0,14597.0,14601.0,Friday,August,1,0,0,0,0,0
2024-08-24,28529.0,14132.0,14397.0,Saturday,August,1,0,0,0,0,0
2024-08-25,9050.0,4103.0,4947.0,Sunday,August,1,0,0,0,0,0
2024-08-26,28516.0,14042.0,14474.0,Monday,August,1,0,0,0,0,0
2024-08-27,27523.0,13649.0,13874.0,Tuesday,August,1,0,0,0,0,0
2024-08-28,25140.0,12397.0,12743.0,Wednesday,August,1,0,0,0,0,0
2024-08-29,24273.0,12077.0,12196.0,Thursday,August,1,0,0,0,0,0
2024-08-30,27239.0,13616.0,13623.0,Friday,August,1,0,0,0,0,0
2024-08-31,32697.0,16414.0,16283.0,Saturday,August,1,0,0,0,0,0
2024-09-01,7675.0,3444.0,4231.0,Sunday,September,1,0,0,0,0,0
2024-09-02,27564.0,13510.0,14054.0,Monday,September,1,0,0,0,0,0
2024-09-03,26359.0,12959.0,13400.0,Tuesday,September,1,0,0,0,0,0
2024-09-04,30387.0,14797.0,15590.0,Wednesday,September,1,0,0,0,0,0
2024-09-05,27632.0,13406.0,14226.0,Thursday,September,1,0,0,0,0,0
2024-09-06,35778.0,18352.0,17426.0,Friday,September,1,0,0,0,0,1
2024-09-07,45652.0,24138.0,21514.0,Saturday,September,1,0,0,0,0,1
2024-09-08,12066.0,6286.0,5780.0,Sunday,September,1,0,0,0,0,1
2024-09-09,31505.0,15409.0,16096.0,Monday,September,1,0,0,0,0,0
2024-09-10,28889.0,14107.0,14782.0,Tuesday,September,0,0,0,0,0,0
2024-09-11,23226.0,11400.0,11826.0,Wednesday,September,0,0,0,0,0,0
2024-09-12,26786.0,13245.0,13541.0,Thursday,September,0,0,0,0,0,0
2024-09-13,37825.0,19457.0,18368.0,Friday,September,0,0,0,0,0,0
2024-09-14,54842.0,29575.0,25267.0,Saturday,September,0,0,0,0,0,0
2024-09-15,9589.0,4448.0,5141.0,Sunday,September,0,0,0,0,0,0
2024-09-16,23354.0,11566.0,11788.0,Monday,September,0,0,0,0,0,0
2024-09-17,26881.0,13086.0,13795.0,Tuesday,September,0,0,0,0,0,0
2024-09-18,27138.0,13183.0,13955.0,Wednesday,September,0,0,0,0,0,0
2024-09-19,26369.0,12901.0,13468.0,Thursday,September,0,0,0,0,0,0
2024-09-20,32760.0,16045.0,16715.0,Friday,September,0,0,0,0,0,0
2024-09-21,,,,Saturday,September,0,0,0,0,0,0
2024-09-22,8827.0,4123.0,4704.0,Sunday,September,0,0,0,0,0,0
2024-09-23,24045.0,11977.0,12068.0,Monday,September,0,0,0,0,0,0
2024-09-24,24542.0,12101.0,12441.0,Tuesday,September,0,0,0,0,0,0
2024-09-25,26418.0,12878.0,13540.0,Wednesday,September,0,0,0,0,0,0
2024-09-26,21890.0,10637.0,11253.0,Thursday,September,0,0,0,0,0,0
2024-09-27,30975.0,15198.0,15777.0,Friday,September,0,0,0,0,0,0
2024-09-28,43972.0,21724.0,22248.0,Saturday,September,0,0,0,0,0,0
2024-09-29,9423.0,4400.0,5023.0,Sunday,September,0,0,0,0,0,0
2024-09-30,24586.0,12098.0,12488.0,Monday,September,0,0,0,0,0,0
2024-10-01,28042.0,13651.0,14391.0,Tuesday,October,0,0,0,0,0,0
2024-10-02,25925.0,12785.0,13140.0,Wednesday,October,0,0,0,0,0,0
2024-10-03,10757.0,5183.0,5574.0,Thursday,October,0,1,0,0,0,0
2024-10-04,44241.0,21882.0,22359.0,Friday,October,0,0,0,1,0,0
2024-10-05,47690.0,23894.0,23796.0,Saturday,October,0,0,0,0,0,0
2024-10-06,8214.0,3843.0,4371.0,Sunday,October,0,0,0,0,0,0
2024-10-07,20590.0,9967.0,10623.0,Monday,October,0,0,0,0,0,0
2024-10-08,18796.0,9229.0,9567.0,Tuesday,October,0,0,0,0,0,0
2024-10-09,26764.0,12992.0,13772.0,Wednesday,October,0,0,0,0,0,0
2024-10-10,23332.0,11450.0,11882.0,Thursday,October,0,0,0,0,0,0
2024-10-11,31302.0,15278.0,16024.0,Friday,October,0,0,0,0,0,0
2024-10-12,46157.0,22811.0,23346.0,Saturday,October,0,0,0,0,0,0
2024-10-13,9307.0,4476.0,4831.0,Sunday,October,0,0,0,0,0,0
2024-10-14,24442.0,11917.0,12525.0,Monday,October,0,0,0,0,0,0
2024-10-15,27230.0,13428.0,13802.0,Tuesday,October,0,0,0,0,0,0
2024-10-16,29009.0,14191.0,14818.0,Wednesday,October,0,0,0,0,0,0
2024-10-17,28059.0,13629.0,14430.0,Thursday,October,0,0,0,0,0,0
2024-10-18,32671.0,16166.0,16505.0,Friday,October,0,0,0,0,0,0
2024-10-19,46841.0,23297.0,23544.0,Saturday,October,0,0,0,0,0,0
2024-10-20,9599.0,4494.0,5105.0,Sunday,October,0,0,0,0,0,0
2024-10-21,25768.0,12748.0,13020.0,Monday,October,0,0,0,0,0,0
2024-10-22,25494.0,12528.0,12966.0,Tuesday,October,0,0,0,0,0,0
2024-10-23,27491.0,13553.0,13938.0,Wednesday,October,0,0,0,0,0,0
2024-10-24,26827.0,13155.0,13672.0,Thursday,October,0,0,0,0,0,0
2024-10-25,32803.0,16391.0,16412.0,Friday,October,0,0,0,0,0,0
2024-10-26,46279.0,23536.0,22743.0,Saturday,October,0,0,0,0,0,1
2024-10-27,37649.0,19082.0,18567.0,Sunday,October,0,0,0,0,0,1
2024-10-28,36086.0,17854.0,18232.0,Monday,October,1,0,0,0,0,0
2024-10-29,35856.0,17655.0,18201.0,Tuesday,October,1,0,0,0,0,0
2024-10-30,38225.0,19000.0,19225.0,Wednesday,October,1,0,0,0,0,0
2024-10-31,38745.0,19273.0,19472.0,Thursday,October,1,0,0,0,0,0
2024-11-01,13325.0,6575.0,6750.0,Friday,November,0,1,0,0,0,0
2024-11-02,53109.0,26627.0,26482.0,Saturday,November,0,0,0,0,0,0
2024-11-03,11025.0,5378.0,5647.0,Sunday,November,0,0,0,0,0,0
2024-11-04,25697.0,12601.0,13096.0,Monday,November,0,0,0,0,0,0
2024-11-05,25957.0,12818.0,13139.0,Tuesday,November,0,0,0,0,0,0
2024-11-06,25716.0,12599.0,13117.0,Wednesday,November,0,0,0,0,0,0
2024-11-07,26490.0,13134.0,13356.0,Thursday,November,0,0,0,0,0,0
2024-11-08,30794.0,15217.0,15577.0,Friday,November,0,0,0,0,0,0
2024-11-09,46329.0,23453.0,22876.0,Saturday,November,0,0,0,0,0,0
2024-11-10,9211.0,4426.0,4785.0,Sunday,November,0,0,0,0,0,0
2024-11-11,20077.0,9963.0,10114.0,Monday,November,0,0,0,0,0,0
2024-11-12,25723.0,12641.0,13082.0,Tuesday,November,0,0,0,0,0,0
2024-11-13,23028.0,11499.0,11529.0,Wednesday,November,0,0,0,0,0,0
2024-11-14,25004.0,12186.0,12818.0,Thursday,November,0,0,0,0,0,0
2024-11-15,32589.0,16098.0,16491.0,Friday,November,0,0,0,0,0,0
2024-11-16,48101.0,24185.0,23916.0,Saturday,November,0,0,0,0,0,0
2024-11-17,6736.0,3113.0,3623.0,Sunday,November,0,0,0,0,0,0
2024-11-18,16261.0,8085.0,8176.0,Monday,November,0,0,0,0,0,0
2024-11-19,21389.0,10427.0,10962.0,Tuesday,November,0,0,0,0,0,0
2024-11-20,27711.0,13790.0,13921.0,Wednesday,November,1,0,0,0,0,0
2024-11-21,24688.0,12079.0,12609.0,Thursday,November,0,0,0,0,0,0
2024-11-22,29342.0,14387.0,14955.0,Friday,November,0,0,0,0,0,0
2024-11-23,45980.0,22736.0,23244.0,Saturday,November,0,0,0,0,0,0
2024-11-24,10920.0,5145.0,5775.0,Sunday,November,0,0,0,0,0,0
2024-11-25,27184.0,13297.0,13887.0,Monday,November,0,0,0,0,1,0
2024-11-26,27637.0,13414.0,14223.0,Tuesday,November,0,0,0,0,1,0
2024-11-27,28467.0,13810.0,14657.0,Wednesday,November,0,0,0,0,1,0
2024-11-28,29935.0,14590.0,15345.0,Thursday,November,0,0,0,0,1,0
2024-11-29,53576.0,27382.0,26194.0,Friday,November,0,0,0,0,1,0
2024-11-30,67208.0,35853.0,31355.0,Saturday,November,0,0,0,0,1,0
2024-12-01,14469.0,7435.0,7034.0,Sunday,December,0,0,0,0,0,0
2024-12-02,32886.0,16624.0,16262.0,Monday,December,0,0,0,0,0,0
2024-12-03,33182.0,16591.0,16591.0,Tuesday,December,0,0,0,0,0,0
2024-12-04,36382.0,18190.0,18192.0,Wednesday,December,0,0,0,0,0,0
2024-12-05,36442.0,18165.0,18277.0,Thursday,December,0,0,0,0,0,0
2024-12-06,37527.0,18855.0,18672.0,Friday,December,0,0,0,0,0,0
2024-12-07,42284.0,21541.0,20743.0,Saturday,December,0,0,0,0,0,0
2024-12-08,16880.0,8729.0,8151.0,Sunday,December,0,0,0,0,0,0
2024-12-09,33656.0,16947.0,16709.0,Monday,December,0,0,0,0,0,0
2024-12-10,32446.0,16206.0,16240.0,Tuesday,December,0,0,0,0,0,0
2024-12-11,35980.0,18072.0,17908.0,Wednesday,December,0,0,0,0,0,0
2024-12-12,38365.0,19499.0,18866.0,Thursday,December,0,0,0,0,0,0
2024-12-13,47674.0,24780.0,22894.0,Friday,December,0,0,0,0,0,0
2024-12-14,65925.0,34812.0,31113.0,Saturday,December,0,0,0,0,0,0
2024-12-15,14240.0,7303.0,6937.0,Sunday,December,0,0,0,0,0,0
2024-12-16,41013.0,20602.0,20411.0,Monday,December,0,0,0,0,0,0
2024-12-17,44013.0,21934.0,22079.0,Tuesday,December,0,0,0,0,0,0
2024-12-18,47116.0,23850.0,23266.0,Wednesday,December,0,0,0,0,0,0
2024-12-19,40739.0,20592.0,20147.0,Thursday,December,0,0,0,0,0,0
2024-12-20,53906.0,27690.0,26216.0,Friday,December,0,0,0,0,0,0
2024-12-21,60083.0,31455.0,28628.0,Saturday,December,0,0,0,0,0,0
2024-12-22,13650.0,7178.0,6472.0,Sunday,December,0,0,0,0,0,0
2024-12-23,62774.0,32126.0,30648.0,Monday,December,1,0,0,0,0,0
2024-12-24,14626.0,7111.0,7515.0,Tuesday,December,1,0,0,0,0,0
2024-12-25,5144.0,2438.0,2706.0,Wednesday,December,1,1,0,0,0,0
2024-12-26,6282.0,3043.0,3239.0,Thursday,December,1,1,0,0,0,0
2024-12-27,44691.0,22193.0,22498.0,Friday,December,1,0,0,1,0,0
2024-12-28,41318.0,20411.0,20907.0,Saturday,December,1,0,0,0,0,0
2024-12-29,6500.0,3106.0,3394.0,Sunday,December,1,0,0,0,0,0
2024-12-30,45080.0,22100.0,22980.0,Monday,December,1,0,0,0,0,0
2024-12-31,17615.0,8967.0,8648.0,Tuesday,December,1,0,0,0,0,0
